-- Script de creation de l'extension (Jeu de donnees de haute qualite)
-- Organise par tables pour une lecture optimale et adapte au nouveau schema

-- =======================================================
-- TABLE : Grade
-- =======================================================
INSERT INTO Grade VALUES (1, 'Affilie');
INSERT INTO Grade VALUES (2, 'Sympathisant');
INSERT INTO Grade VALUES (3, 'Adherent');
INSERT INTO Grade VALUES (4, 'Chevalier / Dame');
INSERT INTO Grade VALUES (5, 'Grand Chevalier');
INSERT INTO Grade VALUES (6, 'Commandeur');
INSERT INTO Grade VALUES (7, 'Grand Croix');


-- =======================================================
-- TABLE : Croyances
-- =======================================================
INSERT INTO Croyances VALUES (1, 'Vegetarisme');
INSERT INTO Croyances VALUES (2, 'Veganisme');
INSERT INTO Croyances VALUES (3, 'Casher');
INSERT INTO Croyances VALUES (4, 'Halal');


-- =======================================================
-- TABLE : Allergenes
-- =======================================================
INSERT INTO Allergenes VALUES (1, 'Lactose');
INSERT INTO Allergenes VALUES (2, 'Arachide');
INSERT INTO Allergenes VALUES (3, 'Gluten');
INSERT INTO Allergenes VALUES (4, 'Fruits a coque');
INSERT INTO Allergenes VALUES (5, 'Moutarde');


-- =======================================================
-- TABLE : Ingredient
-- =======================================================
INSERT INTO Ingredient VALUES (1, 'mayonnaise');
INSERT INTO Ingredient VALUES (2, 'sauce blanche');
INSERT INTO Ingredient VALUES (3, 'moutarde');
INSERT INTO Ingredient VALUES (4, 'ketchup');
INSERT INTO Ingredient VALUES (5, 'beurre');


-- =======================================================
-- TABLE : Boisson
-- =======================================================
INSERT INTO Boisson VALUES (1, 'Eau plate', 'Sans Alcool');
INSERT INTO Boisson VALUES (2, 'Biere Ambre', 'Alcool');
INSERT INTO Boisson VALUES (3, 'Vin Rouge', 'Alcool');
INSERT INTO Boisson VALUES (4, 'Ice Tea', 'Sans Alcool');
INSERT INTO Boisson VALUES (5, 'Soda Cola', 'Sans Alcool');


-- =======================================================
-- TABLE : Machine
-- =======================================================
INSERT INTO Machine VALUES (1, 'Tradition V2 1', 'MDL-6905');
INSERT INTO Machine VALUES (2, 'Cheesy Eco 2', 'MDL-7920');
INSERT INTO Machine VALUES (3, 'OptiFromage V2 3', 'MDL-5620');
INSERT INTO Machine VALUES (4, 'Combine V2 4', 'MDL-7437');
INSERT INTO Machine VALUES (5, 'CrousPrime Plus 5', 'MDL-5799');
INSERT INTO Machine VALUES (6, 'GrillTech Plus 6', 'MDL-5299');
INSERT INTO Machine VALUES (7, 'CrousPrime Elite 7', 'MDL-9678');
INSERT INTO Machine VALUES (8, 'Tradition Max 8', 'MDL-4931');
INSERT INTO Machine VALUES (9, 'CrousPrime Elite 9', 'MDL-7983');
INSERT INTO Machine VALUES (10, 'Combine V2 10', 'MDL-6604');
INSERT INTO Machine VALUES (11, 'GrillTech Elite 11', 'MDL-9464');
INSERT INTO Machine VALUES (12, 'Combine Plus 12', 'MDL-2766');
INSERT INTO Machine VALUES (13, 'OptiFromage Eco 13', 'MDL-9064');
INSERT INTO Machine VALUES (14, 'TenderPro Elite 14', 'MDL-6216');
INSERT INTO Machine VALUES (15, 'OptiFromage Elite 15', 'MDL-4284');
INSERT INTO Machine VALUES (16, 'CrousPrime Plus 16', 'MDL-8001');
INSERT INTO Machine VALUES (17, 'TenderPro Plus 17', 'MDL-7370');
INSERT INTO Machine VALUES (18, 'CrousPrime Pro 18', 'MDL-6022');
INSERT INTO Machine VALUES (19, 'Tradition Elite 19', 'MDL-2532');
INSERT INTO Machine VALUES (20, 'CrousPrime Eco 20', 'MDL-4366');
INSERT INTO Machine VALUES (21, 'GrillTech Elite 21', 'MDL-2400');
INSERT INTO Machine VALUES (22, 'TenderPro Pro 22', 'MDL-6315');
INSERT INTO Machine VALUES (23, 'GrillTech V2 23', 'MDL-4911');
INSERT INTO Machine VALUES (24, 'OptiFromage V2 24', 'MDL-6154');
INSERT INTO Machine VALUES (25, 'TenderPro Eco 25', 'MDL-3322');
INSERT INTO Machine VALUES (26, 'Racletor Max 26', 'MDL-9483');
INSERT INTO Machine VALUES (27, 'GrillTech Plus 27', 'MDL-1269');
INSERT INTO Machine VALUES (28, 'Cheesy Eco 28', 'MDL-6600');
INSERT INTO Machine VALUES (29, 'Combine Elite 29', 'MDL-8632');
INSERT INTO Machine VALUES (30, 'GrillTech Plus 30', 'MDL-1125');


-- =======================================================
-- TABLE : Entretien
-- =======================================================
INSERT INTO Entretien VALUES (1, CURRENT_TIMESTAMP, 'Nettoyage', 1);
INSERT INTO Entretien VALUES (2, CURRENT_TIMESTAMP, 'Reparation', 2);
INSERT INTO Entretien VALUES (3, CURRENT_TIMESTAMP, 'Revision', 2);
INSERT INTO Entretien VALUES (4, CURRENT_TIMESTAMP, 'Annuel', 3);
INSERT INTO Entretien VALUES (5, CURRENT_TIMESTAMP, 'Reparation', 4);
INSERT INTO Entretien VALUES (6, CURRENT_TIMESTAMP, 'Reparation', 5);
INSERT INTO Entretien VALUES (7, CURRENT_TIMESTAMP, 'Annuel', 5);
INSERT INTO Entretien VALUES (8, CURRENT_TIMESTAMP, 'Reparation', 6);
INSERT INTO Entretien VALUES (9, CURRENT_TIMESTAMP, 'Revision', 7);
INSERT INTO Entretien VALUES (10, CURRENT_TIMESTAMP, 'Annuel', 8);
INSERT INTO Entretien VALUES (11, CURRENT_TIMESTAMP, 'Revision', 8);
INSERT INTO Entretien VALUES (12, CURRENT_TIMESTAMP, 'Nettoyage', 8);
INSERT INTO Entretien VALUES (13, CURRENT_TIMESTAMP, 'Nettoyage', 9);
INSERT INTO Entretien VALUES (14, CURRENT_TIMESTAMP, 'Annuel', 9);
INSERT INTO Entretien VALUES (15, CURRENT_TIMESTAMP, 'Reparation', 9);
INSERT INTO Entretien VALUES (16, CURRENT_TIMESTAMP, 'Revision', 10);
INSERT INTO Entretien VALUES (17, CURRENT_TIMESTAMP, 'Nettoyage', 10);
INSERT INTO Entretien VALUES (18, CURRENT_TIMESTAMP, 'Reparation', 11);
INSERT INTO Entretien VALUES (19, CURRENT_TIMESTAMP, 'Annuel', 11);
INSERT INTO Entretien VALUES (20, CURRENT_TIMESTAMP, 'Revision', 12);
INSERT INTO Entretien VALUES (21, CURRENT_TIMESTAMP, 'Revision', 12);
INSERT INTO Entretien VALUES (22, CURRENT_TIMESTAMP, 'Annuel', 12);
INSERT INTO Entretien VALUES (23, CURRENT_TIMESTAMP, 'Revision', 13);
INSERT INTO Entretien VALUES (24, CURRENT_TIMESTAMP, 'Nettoyage', 13);
INSERT INTO Entretien VALUES (25, CURRENT_TIMESTAMP, 'Annuel', 14);
INSERT INTO Entretien VALUES (26, CURRENT_TIMESTAMP, 'Revision', 14);
INSERT INTO Entretien VALUES (27, CURRENT_TIMESTAMP, 'Revision', 14);
INSERT INTO Entretien VALUES (28, CURRENT_TIMESTAMP, 'Revision', 15);
INSERT INTO Entretien VALUES (29, CURRENT_TIMESTAMP, 'Revision', 15);
INSERT INTO Entretien VALUES (30, CURRENT_TIMESTAMP, 'Annuel', 15);
INSERT INTO Entretien VALUES (31, CURRENT_TIMESTAMP, 'Annuel', 16);
INSERT INTO Entretien VALUES (32, CURRENT_TIMESTAMP, 'Nettoyage', 16);
INSERT INTO Entretien VALUES (33, CURRENT_TIMESTAMP, 'Reparation', 16);
INSERT INTO Entretien VALUES (34, CURRENT_TIMESTAMP, 'Annuel', 17);
INSERT INTO Entretien VALUES (35, CURRENT_TIMESTAMP, 'Annuel', 17);
INSERT INTO Entretien VALUES (36, CURRENT_TIMESTAMP, 'Annuel', 18);
INSERT INTO Entretien VALUES (37, CURRENT_TIMESTAMP, 'Revision', 18);
INSERT INTO Entretien VALUES (38, CURRENT_TIMESTAMP, 'Reparation', 18);
INSERT INTO Entretien VALUES (39, CURRENT_TIMESTAMP, 'Reparation', 19);
INSERT INTO Entretien VALUES (40, CURRENT_TIMESTAMP, 'Reparation', 19);
INSERT INTO Entretien VALUES (41, CURRENT_TIMESTAMP, 'Annuel', 19);
INSERT INTO Entretien VALUES (42, CURRENT_TIMESTAMP, 'Nettoyage', 20);
INSERT INTO Entretien VALUES (43, CURRENT_TIMESTAMP, 'Revision', 21);
INSERT INTO Entretien VALUES (44, CURRENT_TIMESTAMP, 'Reparation', 22);
INSERT INTO Entretien VALUES (45, CURRENT_TIMESTAMP, 'Reparation', 23);
INSERT INTO Entretien VALUES (46, CURRENT_TIMESTAMP, 'Revision', 23);
INSERT INTO Entretien VALUES (47, CURRENT_TIMESTAMP, 'Annuel', 24);
INSERT INTO Entretien VALUES (48, CURRENT_TIMESTAMP, 'Annuel', 24);
INSERT INTO Entretien VALUES (49, CURRENT_TIMESTAMP, 'Reparation', 24);
INSERT INTO Entretien VALUES (50, CURRENT_TIMESTAMP, 'Annuel', 25);
INSERT INTO Entretien VALUES (51, CURRENT_TIMESTAMP, 'Reparation', 26);
INSERT INTO Entretien VALUES (52, CURRENT_TIMESTAMP, 'Nettoyage', 26);
INSERT INTO Entretien VALUES (53, CURRENT_TIMESTAMP, 'Reparation', 26);
INSERT INTO Entretien VALUES (54, CURRENT_TIMESTAMP, 'Reparation', 27);
INSERT INTO Entretien VALUES (55, CURRENT_TIMESTAMP, 'Reparation', 28);
INSERT INTO Entretien VALUES (56, CURRENT_TIMESTAMP, 'Revision', 28);
INSERT INTO Entretien VALUES (57, CURRENT_TIMESTAMP, 'Nettoyage', 29);
INSERT INTO Entretien VALUES (58, CURRENT_TIMESTAMP, 'Revision', 30);
INSERT INTO Entretien VALUES (59, CURRENT_TIMESTAMP, 'Reparation', 30);


-- =======================================================
-- TABLE : UtilisationMachine
-- =======================================================
INSERT INTO UtilisationMachine VALUES ('TRA-1-U1', CURRENT_TIMESTAMP, 37, 160.1);
INSERT INTO UtilisationMachine VALUES ('TRA-1-U2', CURRENT_TIMESTAMP, 52, 158.5);
INSERT INTO UtilisationMachine VALUES ('TRA-1-U3', CURRENT_TIMESTAMP, 147, 171.5);
INSERT INTO UtilisationMachine VALUES ('TRA-1-U4', CURRENT_TIMESTAMP, 132, 170.0);
INSERT INTO UtilisationMachine VALUES ('CHE-2-U1', CURRENT_TIMESTAMP, 138, 210.2);
INSERT INTO UtilisationMachine VALUES ('CHE-2-U2', CURRENT_TIMESTAMP, 65, 192.8);
INSERT INTO UtilisationMachine VALUES ('OPT-3-U1', CURRENT_TIMESTAMP, 48, 171.1);
INSERT INTO UtilisationMachine VALUES ('OPT-3-U2', CURRENT_TIMESTAMP, 108, 182.3);
INSERT INTO UtilisationMachine VALUES ('OPT-3-U3', CURRENT_TIMESTAMP, 123, 171.9);
INSERT INTO UtilisationMachine VALUES ('OPT-3-U4', CURRENT_TIMESTAMP, 132, 213.0);
INSERT INTO UtilisationMachine VALUES ('COM-4-U1', CURRENT_TIMESTAMP, 72, 167.8);
INSERT INTO UtilisationMachine VALUES ('COM-4-U2', CURRENT_TIMESTAMP, 174, 157.7);
INSERT INTO UtilisationMachine VALUES ('CRO-5-U1', CURRENT_TIMESTAMP, 62, 170.8);
INSERT INTO UtilisationMachine VALUES ('CRO-5-U2', CURRENT_TIMESTAMP, 62, 164.7);
INSERT INTO UtilisationMachine VALUES ('CRO-5-U3', CURRENT_TIMESTAMP, 144, 192.1);
INSERT INTO UtilisationMachine VALUES ('CRO-5-U4', CURRENT_TIMESTAMP, 73, 183.8);
INSERT INTO UtilisationMachine VALUES ('GRI-6-U1', CURRENT_TIMESTAMP, 129, 206.7);
INSERT INTO UtilisationMachine VALUES ('GRI-6-U2', CURRENT_TIMESTAMP, 142, 211.4);
INSERT INTO UtilisationMachine VALUES ('CRO-7-U1', CURRENT_TIMESTAMP, 166, 167.0);
INSERT INTO UtilisationMachine VALUES ('CRO-7-U2', CURRENT_TIMESTAMP, 97, 185.2);
INSERT INTO UtilisationMachine VALUES ('CRO-7-U3', CURRENT_TIMESTAMP, 32, 178.7);
INSERT INTO UtilisationMachine VALUES ('CRO-7-U4', CURRENT_TIMESTAMP, 138, 213.5);
INSERT INTO UtilisationMachine VALUES ('TRA-8-U1', CURRENT_TIMESTAMP, 108, 150.2);
INSERT INTO UtilisationMachine VALUES ('CRO-9-U1', CURRENT_TIMESTAMP, 48, 205.6);
INSERT INTO UtilisationMachine VALUES ('CRO-9-U2', CURRENT_TIMESTAMP, 84, 165.8);
INSERT INTO UtilisationMachine VALUES ('COM-10-U1', CURRENT_TIMESTAMP, 153, 191.5);
INSERT INTO UtilisationMachine VALUES ('COM-10-U2', CURRENT_TIMESTAMP, 104, 163.8);
INSERT INTO UtilisationMachine VALUES ('COM-10-U3', CURRENT_TIMESTAMP, 87, 165.1);
INSERT INTO UtilisationMachine VALUES ('GRI-11-U1', CURRENT_TIMESTAMP, 116, 153.9);
INSERT INTO UtilisationMachine VALUES ('GRI-11-U2', CURRENT_TIMESTAMP, 80, 167.6);
INSERT INTO UtilisationMachine VALUES ('GRI-11-U3', CURRENT_TIMESTAMP, 156, 185.6);
INSERT INTO UtilisationMachine VALUES ('COM-12-U1', CURRENT_TIMESTAMP, 121, 151.5);
INSERT INTO UtilisationMachine VALUES ('COM-12-U2', CURRENT_TIMESTAMP, 163, 201.5);
INSERT INTO UtilisationMachine VALUES ('OPT-13-U1', CURRENT_TIMESTAMP, 39, 177.4);
INSERT INTO UtilisationMachine VALUES ('OPT-13-U2', CURRENT_TIMESTAMP, 125, 187.4);
INSERT INTO UtilisationMachine VALUES ('TEN-14-U1', CURRENT_TIMESTAMP, 153, 210.3);
INSERT INTO UtilisationMachine VALUES ('OPT-15-U1', CURRENT_TIMESTAMP, 160, 183.3);
INSERT INTO UtilisationMachine VALUES ('OPT-15-U2', CURRENT_TIMESTAMP, 121, 186.9);
INSERT INTO UtilisationMachine VALUES ('OPT-15-U3', CURRENT_TIMESTAMP, 89, 202.5);
INSERT INTO UtilisationMachine VALUES ('OPT-15-U4', CURRENT_TIMESTAMP, 160, 189.8);
INSERT INTO UtilisationMachine VALUES ('CRO-16-U1', CURRENT_TIMESTAMP, 165, 174.8);
INSERT INTO UtilisationMachine VALUES ('TEN-17-U1', CURRENT_TIMESTAMP, 67, 209.1);
INSERT INTO UtilisationMachine VALUES ('TEN-17-U2', CURRENT_TIMESTAMP, 129, 179.4);
INSERT INTO UtilisationMachine VALUES ('CRO-18-U1', CURRENT_TIMESTAMP, 159, 174.7);
INSERT INTO UtilisationMachine VALUES ('CRO-18-U2', CURRENT_TIMESTAMP, 75, 161.5);
INSERT INTO UtilisationMachine VALUES ('TRA-19-U1', CURRENT_TIMESTAMP, 38, 200.7);
INSERT INTO UtilisationMachine VALUES ('TRA-19-U2', CURRENT_TIMESTAMP, 122, 202.1);
INSERT INTO UtilisationMachine VALUES ('CRO-20-U1', CURRENT_TIMESTAMP, 118, 211.8);
INSERT INTO UtilisationMachine VALUES ('CRO-20-U2', CURRENT_TIMESTAMP, 173, 163.9);
INSERT INTO UtilisationMachine VALUES ('CRO-20-U3', CURRENT_TIMESTAMP, 45, 155.9);
INSERT INTO UtilisationMachine VALUES ('GRI-21-U1', CURRENT_TIMESTAMP, 146, 153.2);
INSERT INTO UtilisationMachine VALUES ('GRI-21-U2', CURRENT_TIMESTAMP, 150, 179.6);
INSERT INTO UtilisationMachine VALUES ('GRI-21-U3', CURRENT_TIMESTAMP, 43, 152.8);
INSERT INTO UtilisationMachine VALUES ('TEN-22-U1', CURRENT_TIMESTAMP, 64, 156.1);
INSERT INTO UtilisationMachine VALUES ('TEN-22-U2', CURRENT_TIMESTAMP, 116, 174.8);
INSERT INTO UtilisationMachine VALUES ('TEN-22-U3', CURRENT_TIMESTAMP, 178, 165.0);
INSERT INTO UtilisationMachine VALUES ('TEN-22-U4', CURRENT_TIMESTAMP, 72, 177.2);
INSERT INTO UtilisationMachine VALUES ('GRI-23-U1', CURRENT_TIMESTAMP, 172, 151.5);
INSERT INTO UtilisationMachine VALUES ('GRI-23-U2', CURRENT_TIMESTAMP, 83, 151.2);
INSERT INTO UtilisationMachine VALUES ('GRI-23-U3', CURRENT_TIMESTAMP, 123, 157.4);
INSERT INTO UtilisationMachine VALUES ('OPT-24-U1', CURRENT_TIMESTAMP, 174, 193.4);
INSERT INTO UtilisationMachine VALUES ('OPT-24-U2', CURRENT_TIMESTAMP, 153, 194.4);
INSERT INTO UtilisationMachine VALUES ('OPT-24-U3', CURRENT_TIMESTAMP, 94, 203.4);
INSERT INTO UtilisationMachine VALUES ('TEN-25-U1', CURRENT_TIMESTAMP, 114, 191.6);
INSERT INTO UtilisationMachine VALUES ('TEN-25-U2', CURRENT_TIMESTAMP, 109, 163.6);
INSERT INTO UtilisationMachine VALUES ('TEN-25-U3', CURRENT_TIMESTAMP, 151, 172.8);
INSERT INTO UtilisationMachine VALUES ('RAC-26-U1', CURRENT_TIMESTAMP, 60, 154.6);
INSERT INTO UtilisationMachine VALUES ('RAC-26-U2', CURRENT_TIMESTAMP, 171, 183.1);
INSERT INTO UtilisationMachine VALUES ('RAC-26-U3', CURRENT_TIMESTAMP, 137, 213.4);
INSERT INTO UtilisationMachine VALUES ('RAC-26-U4', CURRENT_TIMESTAMP, 155, 170.9);
INSERT INTO UtilisationMachine VALUES ('GRI-27-U1', CURRENT_TIMESTAMP, 140, 191.6);
INSERT INTO UtilisationMachine VALUES ('GRI-27-U2', CURRENT_TIMESTAMP, 153, 162.0);
INSERT INTO UtilisationMachine VALUES ('GRI-27-U3', CURRENT_TIMESTAMP, 79, 157.6);
INSERT INTO UtilisationMachine VALUES ('CHE-28-U1', CURRENT_TIMESTAMP, 46, 177.6);
INSERT INTO UtilisationMachine VALUES ('CHE-28-U2', CURRENT_TIMESTAMP, 46, 189.5);
INSERT INTO UtilisationMachine VALUES ('CHE-28-U3', CURRENT_TIMESTAMP, 81, 191.4);
INSERT INTO UtilisationMachine VALUES ('CHE-28-U4', CURRENT_TIMESTAMP, 128, 165.4);
INSERT INTO UtilisationMachine VALUES ('COM-29-U1', CURRENT_TIMESTAMP, 90, 155.0);
INSERT INTO UtilisationMachine VALUES ('GRI-30-U1', CURRENT_TIMESTAMP, 106, 204.2);


-- =======================================================
-- TABLE : Utilise
-- =======================================================
INSERT INTO Utilise VALUES (1, 'TRA-1-U1');
INSERT INTO Utilise VALUES (1, 'TRA-1-U2');
INSERT INTO Utilise VALUES (1, 'TRA-1-U3');
INSERT INTO Utilise VALUES (1, 'TRA-1-U4');
INSERT INTO Utilise VALUES (2, 'CHE-2-U1');
INSERT INTO Utilise VALUES (2, 'CHE-2-U2');
INSERT INTO Utilise VALUES (3, 'OPT-3-U1');
INSERT INTO Utilise VALUES (3, 'OPT-3-U2');
INSERT INTO Utilise VALUES (3, 'OPT-3-U3');
INSERT INTO Utilise VALUES (3, 'OPT-3-U4');
INSERT INTO Utilise VALUES (4, 'COM-4-U1');
INSERT INTO Utilise VALUES (4, 'COM-4-U2');
INSERT INTO Utilise VALUES (5, 'CRO-5-U1');
INSERT INTO Utilise VALUES (5, 'CRO-5-U2');
INSERT INTO Utilise VALUES (5, 'CRO-5-U3');
INSERT INTO Utilise VALUES (5, 'CRO-5-U4');
INSERT INTO Utilise VALUES (6, 'GRI-6-U1');
INSERT INTO Utilise VALUES (6, 'GRI-6-U2');
INSERT INTO Utilise VALUES (7, 'CRO-7-U1');
INSERT INTO Utilise VALUES (7, 'CRO-7-U2');
INSERT INTO Utilise VALUES (7, 'CRO-7-U3');
INSERT INTO Utilise VALUES (7, 'CRO-7-U4');
INSERT INTO Utilise VALUES (8, 'TRA-8-U1');
INSERT INTO Utilise VALUES (9, 'CRO-9-U1');
INSERT INTO Utilise VALUES (9, 'CRO-9-U2');
INSERT INTO Utilise VALUES (10, 'COM-10-U1');
INSERT INTO Utilise VALUES (10, 'COM-10-U2');
INSERT INTO Utilise VALUES (10, 'COM-10-U3');
INSERT INTO Utilise VALUES (11, 'GRI-11-U1');
INSERT INTO Utilise VALUES (11, 'GRI-11-U2');
INSERT INTO Utilise VALUES (11, 'GRI-11-U3');
INSERT INTO Utilise VALUES (12, 'COM-12-U1');
INSERT INTO Utilise VALUES (12, 'COM-12-U2');
INSERT INTO Utilise VALUES (13, 'OPT-13-U1');
INSERT INTO Utilise VALUES (13, 'OPT-13-U2');
INSERT INTO Utilise VALUES (14, 'TEN-14-U1');
INSERT INTO Utilise VALUES (15, 'OPT-15-U1');
INSERT INTO Utilise VALUES (15, 'OPT-15-U2');
INSERT INTO Utilise VALUES (15, 'OPT-15-U3');
INSERT INTO Utilise VALUES (15, 'OPT-15-U4');
INSERT INTO Utilise VALUES (16, 'CRO-16-U1');
INSERT INTO Utilise VALUES (17, 'TEN-17-U1');
INSERT INTO Utilise VALUES (17, 'TEN-17-U2');
INSERT INTO Utilise VALUES (18, 'CRO-18-U1');
INSERT INTO Utilise VALUES (18, 'CRO-18-U2');
INSERT INTO Utilise VALUES (19, 'TRA-19-U1');
INSERT INTO Utilise VALUES (19, 'TRA-19-U2');
INSERT INTO Utilise VALUES (20, 'CRO-20-U1');
INSERT INTO Utilise VALUES (20, 'CRO-20-U2');
INSERT INTO Utilise VALUES (20, 'CRO-20-U3');
INSERT INTO Utilise VALUES (21, 'GRI-21-U1');
INSERT INTO Utilise VALUES (21, 'GRI-21-U2');
INSERT INTO Utilise VALUES (21, 'GRI-21-U3');
INSERT INTO Utilise VALUES (22, 'TEN-22-U1');
INSERT INTO Utilise VALUES (22, 'TEN-22-U2');
INSERT INTO Utilise VALUES (22, 'TEN-22-U3');
INSERT INTO Utilise VALUES (22, 'TEN-22-U4');
INSERT INTO Utilise VALUES (23, 'GRI-23-U1');
INSERT INTO Utilise VALUES (23, 'GRI-23-U2');
INSERT INTO Utilise VALUES (23, 'GRI-23-U3');
INSERT INTO Utilise VALUES (24, 'OPT-24-U1');
INSERT INTO Utilise VALUES (24, 'OPT-24-U2');
INSERT INTO Utilise VALUES (24, 'OPT-24-U3');
INSERT INTO Utilise VALUES (25, 'TEN-25-U1');
INSERT INTO Utilise VALUES (25, 'TEN-25-U2');
INSERT INTO Utilise VALUES (25, 'TEN-25-U3');
INSERT INTO Utilise VALUES (26, 'RAC-26-U1');
INSERT INTO Utilise VALUES (26, 'RAC-26-U2');
INSERT INTO Utilise VALUES (26, 'RAC-26-U3');
INSERT INTO Utilise VALUES (26, 'RAC-26-U4');
INSERT INTO Utilise VALUES (27, 'GRI-27-U1');
INSERT INTO Utilise VALUES (27, 'GRI-27-U2');
INSERT INTO Utilise VALUES (27, 'GRI-27-U3');
INSERT INTO Utilise VALUES (28, 'CHE-28-U1');
INSERT INTO Utilise VALUES (28, 'CHE-28-U2');
INSERT INTO Utilise VALUES (28, 'CHE-28-U3');
INSERT INTO Utilise VALUES (28, 'CHE-28-U4');
INSERT INTO Utilise VALUES (29, 'COM-29-U1');
INSERT INTO Utilise VALUES (30, 'GRI-30-U1');


-- =======================================================
-- TABLE : NotationPlat
-- =======================================================
INSERT INTO NotationPlat VALUES (1, 4, 'Un peu trop cuit', CURRENT_TIMESTAMP);
INSERT INTO NotationPlat VALUES (2, 1, 'Memorable', CURRENT_TIMESTAMP);
INSERT INTO NotationPlat VALUES (3, 0, 'Manque de fromage', CURRENT_TIMESTAMP);
INSERT INTO NotationPlat VALUES (4, 1, 'Parfait', CURRENT_TIMESTAMP);
INSERT INTO NotationPlat VALUES (5, 0, 'Incroyable', CURRENT_TIMESTAMP);
INSERT INTO NotationPlat VALUES (6, 1, 'Memorable', CURRENT_TIMESTAMP);
INSERT INTO NotationPlat VALUES (7, 2, 'Manque de fromage', CURRENT_TIMESTAMP);
INSERT INTO NotationPlat VALUES (8, 2, 'Parfait', CURRENT_TIMESTAMP);
INSERT INTO NotationPlat VALUES (9, 3, 'Manque de fromage', CURRENT_TIMESTAMP);
INSERT INTO NotationPlat VALUES (10, 4, 'Incroyable', CURRENT_TIMESTAMP);
INSERT INTO NotationPlat VALUES (11, 3, 'Un peu trop cuit', CURRENT_TIMESTAMP);
INSERT INTO NotationPlat VALUES (12, 2, 'Manque de fromage', CURRENT_TIMESTAMP);
INSERT INTO NotationPlat VALUES (13, 3, 'Un peu trop cuit', CURRENT_TIMESTAMP);
INSERT INTO NotationPlat VALUES (14, 1, 'Un delice absolu', CURRENT_TIMESTAMP);
INSERT INTO NotationPlat VALUES (15, 1, 'Incroyable', CURRENT_TIMESTAMP);
INSERT INTO NotationPlat VALUES (16, 3, 'Manque de fromage', CURRENT_TIMESTAMP);
INSERT INTO NotationPlat VALUES (17, 1, 'Parfait', CURRENT_TIMESTAMP);
INSERT INTO NotationPlat VALUES (18, 1, 'Un delice absolu', CURRENT_TIMESTAMP);
INSERT INTO NotationPlat VALUES (19, 3, 'Memorable', CURRENT_TIMESTAMP);
INSERT INTO NotationPlat VALUES (20, 3, 'Un peu trop cuit', CURRENT_TIMESTAMP);
INSERT INTO NotationPlat VALUES (21, 2, 'Excellent', CURRENT_TIMESTAMP);
INSERT INTO NotationPlat VALUES (22, 2, 'Memorable', CURRENT_TIMESTAMP);
INSERT INTO NotationPlat VALUES (23, 2, 'Incroyable', CURRENT_TIMESTAMP);
INSERT INTO NotationPlat VALUES (24, 2, 'Manque de fromage', CURRENT_TIMESTAMP);
INSERT INTO NotationPlat VALUES (25, 4, 'Parfait', CURRENT_TIMESTAMP);
INSERT INTO NotationPlat VALUES (26, 0, 'Manque de fromage', CURRENT_TIMESTAMP);
INSERT INTO NotationPlat VALUES (27, 2, 'Memorable', CURRENT_TIMESTAMP);
INSERT INTO NotationPlat VALUES (28, 2, 'Un delice absolu', CURRENT_TIMESTAMP);
INSERT INTO NotationPlat VALUES (29, 0, 'Un peu trop cuit', CURRENT_TIMESTAMP);
INSERT INTO NotationPlat VALUES (30, 4, 'Memorable', CURRENT_TIMESTAMP);
INSERT INTO NotationPlat VALUES (31, 2, 'Excellent', CURRENT_TIMESTAMP);
INSERT INTO NotationPlat VALUES (32, 4, 'Memorable', CURRENT_TIMESTAMP);
INSERT INTO NotationPlat VALUES (33, 3, 'Un peu trop cuit', CURRENT_TIMESTAMP);
INSERT INTO NotationPlat VALUES (34, 2, 'Manque de fromage', CURRENT_TIMESTAMP);
INSERT INTO NotationPlat VALUES (35, 0, 'Parfait', CURRENT_TIMESTAMP);
INSERT INTO NotationPlat VALUES (36, 4, 'A refaire tres vite', CURRENT_TIMESTAMP);
INSERT INTO NotationPlat VALUES (37, 4, 'Manque de fromage', CURRENT_TIMESTAMP);
INSERT INTO NotationPlat VALUES (38, 5, 'Parfait', CURRENT_TIMESTAMP);
INSERT INTO NotationPlat VALUES (39, 4, 'Manque de fromage', CURRENT_TIMESTAMP);
INSERT INTO NotationPlat VALUES (40, 0, 'Un delice absolu', CURRENT_TIMESTAMP);
INSERT INTO NotationPlat VALUES (41, 4, 'Parfait', CURRENT_TIMESTAMP);
INSERT INTO NotationPlat VALUES (42, 0, 'Excellent', CURRENT_TIMESTAMP);
INSERT INTO NotationPlat VALUES (43, 2, 'A refaire tres vite', CURRENT_TIMESTAMP);
INSERT INTO NotationPlat VALUES (44, 0, 'Un peu trop cuit', CURRENT_TIMESTAMP);
INSERT INTO NotationPlat VALUES (45, 1, 'Un delice absolu', CURRENT_TIMESTAMP);
INSERT INTO NotationPlat VALUES (46, 3, 'Incroyable', CURRENT_TIMESTAMP);
INSERT INTO NotationPlat VALUES (47, 1, 'Un peu trop cuit', CURRENT_TIMESTAMP);
INSERT INTO NotationPlat VALUES (48, 3, 'Excellent', CURRENT_TIMESTAMP);
INSERT INTO NotationPlat VALUES (49, 5, 'Excellent', CURRENT_TIMESTAMP);
INSERT INTO NotationPlat VALUES (50, 5, 'Un peu trop cuit', CURRENT_TIMESTAMP);


-- =======================================================
-- TABLE : Aliment
-- =======================================================
INSERT INTO Aliment VALUES (1, 'tenders de poulet');
INSERT INTO Aliment VALUES (2, 'viande a kebab');
INSERT INTO Aliment VALUES (3, 'pizza');
INSERT INTO Aliment VALUES (4, 'quiche');
INSERT INTO Aliment VALUES (5, 'saumon');
INSERT INTO Aliment VALUES (6, 'ananas');
INSERT INTO Aliment VALUES (7, 'beurre');
INSERT INTO Aliment VALUES (8, 'fromage');
INSERT INTO Aliment VALUES (9, 'farine');
INSERT INTO Aliment VALUES (10, 'viande');
INSERT INTO Aliment VALUES (11, 'huile');
INSERT INTO Aliment VALUES (12, 'sucre');
INSERT INTO Aliment VALUES (13, 'curry');
INSERT INTO Aliment VALUES (14, 'citron');
INSERT INTO Aliment VALUES (15, 'bananes');
INSERT INTO Aliment VALUES (16, 'pomme');
INSERT INTO Aliment VALUES (17, 'poivron');
INSERT INTO Aliment VALUES (18, 'patate');
INSERT INTO Aliment VALUES (19, 'salade');
INSERT INTO Aliment VALUES (20, 'tomates');
INSERT INTO Aliment VALUES (21, 'ogniong');
INSERT INTO Aliment VALUES (22, 'courgette');
INSERT INTO Aliment VALUES (23, 'aubergine');
INSERT INTO Aliment VALUES (24, 'legume');


-- =======================================================
-- TABLE : AutresAliments
-- =======================================================
INSERT INTO AutresAliments VALUES (1, 'Autre categorie');
INSERT INTO AutresAliments VALUES (2, 'Autre categorie');
INSERT INTO AutresAliments VALUES (3, 'Autre categorie');
INSERT INTO AutresAliments VALUES (4, 'Autre categorie');
INSERT INTO AutresAliments VALUES (5, 'Autre categorie');
INSERT INTO AutresAliments VALUES (6, 'Autre categorie');
INSERT INTO AutresAliments VALUES (7, 'Autre categorie');
INSERT INTO AutresAliments VALUES (8, 'Autre categorie');
INSERT INTO AutresAliments VALUES (9, 'Autre categorie');
INSERT INTO AutresAliments VALUES (10, 'Autre categorie');
INSERT INTO AutresAliments VALUES (11, 'Autre categorie');
INSERT INTO AutresAliments VALUES (12, 'Autre categorie');
INSERT INTO AutresAliments VALUES (13, 'Autre categorie');
INSERT INTO AutresAliments VALUES (14, 'Autre categorie');
INSERT INTO AutresAliments VALUES (15, 'Autre categorie');
INSERT INTO AutresAliments VALUES (16, 'Autre categorie');


-- =======================================================
-- TABLE : Legume
-- =======================================================
INSERT INTO Legume VALUES (17, 'Type Plante');
INSERT INTO Legume VALUES (18, 'Type Plante');
INSERT INTO Legume VALUES (19, 'Type Plante');
INSERT INTO Legume VALUES (20, 'Type Plante');
INSERT INTO Legume VALUES (21, 'Type Plante');
INSERT INTO Legume VALUES (22, 'Type Plante');
INSERT INTO Legume VALUES (23, 'Type Plante');
INSERT INTO Legume VALUES (24, 'Type Plante');


-- =======================================================
-- TABLE : PeutHeurter
-- =======================================================
INSERT INTO PeutHeurter VALUES (3, 3);
INSERT INTO PeutHeurter VALUES (4, 2);
INSERT INTO PeutHeurter VALUES (5, 1);
INSERT INTO PeutHeurter VALUES (6, 1);
INSERT INTO PeutHeurter VALUES (8, 3);
INSERT INTO PeutHeurter VALUES (9, 3);
INSERT INTO PeutHeurter VALUES (10, 3);
INSERT INTO PeutHeurter VALUES (12, 1);
INSERT INTO PeutHeurter VALUES (15, 3);


-- =======================================================
-- TABLE : PeutProvoquer
-- =======================================================
INSERT INTO PeutProvoquer VALUES (2, 5);
INSERT INTO PeutProvoquer VALUES (4, 1);
INSERT INTO PeutProvoquer VALUES (10, 1);
INSERT INTO PeutProvoquer VALUES (11, 1);
INSERT INTO PeutProvoquer VALUES (16, 1);


-- =======================================================
-- TABLE : Plat
-- =======================================================
INSERT INTO Plat VALUES (1, 'Kebab Fromager', 8);
INSERT INTO Plat VALUES (2, 'Heresie Veggie', 2);
INSERT INTO Plat VALUES (3, 'Kebab Fromager', 7);
INSERT INTO Plat VALUES (4, 'Saumon Fondant', 2);
INSERT INTO Plat VALUES (5, 'Heresie Veggie', 1);
INSERT INTO Plat VALUES (6, 'Saumon Fondant', 18);
INSERT INTO Plat VALUES (7, 'Tenders Epices', 7);
INSERT INTO Plat VALUES (8, 'Original', 2);
INSERT INTO Plat VALUES (9, 'Kebab Fromager', 10);
INSERT INTO Plat VALUES (10, 'Heresie Veggie', 3);
INSERT INTO Plat VALUES (11, 'Le Classique', 15);
INSERT INTO Plat VALUES (12, 'Saumon Fondant', 15);
INSERT INTO Plat VALUES (13, 'Tenders Epices', 20);
INSERT INTO Plat VALUES (14, 'Double Fromage', 24);
INSERT INTO Plat VALUES (15, 'Raclette Royale', 22);
INSERT INTO Plat VALUES (16, 'Heresie Veggie', 8);
INSERT INTO Plat VALUES (17, 'Saumon Fondant', 18);
INSERT INTO Plat VALUES (18, 'Double Fromage', 21);
INSERT INTO Plat VALUES (19, 'Tenders Supreme', 19);
INSERT INTO Plat VALUES (20, 'Le Classique', 21);
INSERT INTO Plat VALUES (21, 'Montagnard', 11);
INSERT INTO Plat VALUES (22, 'Le Classique', 16);
INSERT INTO Plat VALUES (23, 'Tenders Epices', 15);
INSERT INTO Plat VALUES (24, 'Tenders Supreme', 1);
INSERT INTO Plat VALUES (25, 'Tenders Supreme', 4);
INSERT INTO Plat VALUES (26, 'Heresie Veggie', 19);
INSERT INTO Plat VALUES (27, 'Saumon Fondant', 13);
INSERT INTO Plat VALUES (28, 'Double Fromage', 23);
INSERT INTO Plat VALUES (29, 'Heresie Veggie', 14);
INSERT INTO Plat VALUES (30, 'Montagnard', 3);
INSERT INTO Plat VALUES (31, 'Kebab Fromager', 23);
INSERT INTO Plat VALUES (32, 'Original', 9);
INSERT INTO Plat VALUES (33, 'Tenders Epices', 22);
INSERT INTO Plat VALUES (34, 'Raclette Royale', 18);
INSERT INTO Plat VALUES (35, 'Tenders Epices', 24);
INSERT INTO Plat VALUES (36, 'Tenders Supreme', 12);
INSERT INTO Plat VALUES (37, 'Heresie Veggie', 11);
INSERT INTO Plat VALUES (38, 'Original', 19);
INSERT INTO Plat VALUES (39, 'Montagnard', 3);
INSERT INTO Plat VALUES (40, 'Double Fromage', 23);
INSERT INTO Plat VALUES (41, 'Raclette Royale', 10);
INSERT INTO Plat VALUES (42, 'Saumon Fondant', 24);
INSERT INTO Plat VALUES (43, 'Heresie Veggie', 19);
INSERT INTO Plat VALUES (44, 'Tenders Epices', 10);
INSERT INTO Plat VALUES (45, 'Double Fromage', 13);
INSERT INTO Plat VALUES (46, 'Kebab Fromager', 5);
INSERT INTO Plat VALUES (47, 'Tenders Epices', 20);
INSERT INTO Plat VALUES (48, 'Le Classique', 21);
INSERT INTO Plat VALUES (49, 'Tenders Epices', 10);
INSERT INTO Plat VALUES (50, 'Heresie Veggie', 3);


-- =======================================================
-- TABLE : Sauce
-- =======================================================
INSERT INTO Sauce VALUES (1, 'Sauce Samourai', 1);
INSERT INTO Sauce VALUES (2, 'Mayo Epicee', 5);
INSERT INTO Sauce VALUES (3, 'Mayo Epicee', 5);
INSERT INTO Sauce VALUES (4, 'Moutarde Ancienne', 1);
INSERT INTO Sauce VALUES (5, 'Sauce Tartare', 4);
INSERT INTO Sauce VALUES (6, 'Sauce Maison', 2);
INSERT INTO Sauce VALUES (7, 'Moutarde Ancienne', 1);
INSERT INTO Sauce VALUES (8, 'Ketchup Doux', 5);
INSERT INTO Sauce VALUES (9, 'Sauce Tartare', 1);
INSERT INTO Sauce VALUES (10, 'Sauce Samourai', 3);
INSERT INTO Sauce VALUES (11, 'Sauce Maison', 4);
INSERT INTO Sauce VALUES (12, 'Moutarde Ancienne', 2);
INSERT INTO Sauce VALUES (13, 'Moutarde Ancienne', 4);
INSERT INTO Sauce VALUES (14, 'Mayo Epicee', 1);
INSERT INTO Sauce VALUES (15, 'Moutarde Ancienne', 1);
INSERT INTO Sauce VALUES (16, 'Ketchup Doux', 3);
INSERT INTO Sauce VALUES (17, 'Moutarde Ancienne', 2);
INSERT INTO Sauce VALUES (18, 'Sauce Tartare', 3);
INSERT INTO Sauce VALUES (19, 'Moutarde Ancienne', 3);
INSERT INTO Sauce VALUES (20, 'Beurre Fondu', 1);
INSERT INTO Sauce VALUES (21, 'Sauce Samourai', 1);
INSERT INTO Sauce VALUES (22, 'Sauce Tartare', 3);
INSERT INTO Sauce VALUES (23, 'Sauce Maison', 4);
INSERT INTO Sauce VALUES (24, 'Sauce Algerienne', 5);
INSERT INTO Sauce VALUES (25, 'Beurre Fondu', 3);
INSERT INTO Sauce VALUES (26, 'Mayo Epicee', 3);
INSERT INTO Sauce VALUES (27, 'Sauce Algerienne', 2);
INSERT INTO Sauce VALUES (28, 'Mayo Epicee', 5);
INSERT INTO Sauce VALUES (29, 'Sauce Tartare', 5);
INSERT INTO Sauce VALUES (30, 'Sauce Maison', 3);
INSERT INTO Sauce VALUES (31, 'Sauce Maison', 3);
INSERT INTO Sauce VALUES (32, 'Sauce Tartare', 5);
INSERT INTO Sauce VALUES (33, 'Sauce Algerienne', 4);
INSERT INTO Sauce VALUES (34, 'Sauce Maison', 5);
INSERT INTO Sauce VALUES (35, 'Moutarde Ancienne', 1);
INSERT INTO Sauce VALUES (36, 'Ketchup Doux', 5);
INSERT INTO Sauce VALUES (37, 'Mayo Epicee', 2);
INSERT INTO Sauce VALUES (38, 'Beurre Fondu', 4);
INSERT INTO Sauce VALUES (39, 'Beurre Fondu', 5);
INSERT INTO Sauce VALUES (40, 'Mayo Epicee', 1);
INSERT INTO Sauce VALUES (41, 'Sauce Maison', 1);
INSERT INTO Sauce VALUES (42, 'Mayo Epicee', 1);
INSERT INTO Sauce VALUES (43, 'Sauce Maison', 4);
INSERT INTO Sauce VALUES (44, 'Mayo Epicee', 5);
INSERT INTO Sauce VALUES (45, 'Sauce Maison', 2);
INSERT INTO Sauce VALUES (46, 'Sauce Algerienne', 4);
INSERT INTO Sauce VALUES (47, 'Sauce Maison', 4);
INSERT INTO Sauce VALUES (48, 'Mayo Epicee', 2);
INSERT INTO Sauce VALUES (49, 'Moutarde Ancienne', 2);
INSERT INTO Sauce VALUES (50, 'Moutarde Ancienne', 5);


-- =======================================================
-- TABLE : AccompagneDe
-- =======================================================
INSERT INTO AccompagneDe VALUES (1, 1);
INSERT INTO AccompagneDe VALUES (2, 2);
INSERT INTO AccompagneDe VALUES (3, 3);
INSERT INTO AccompagneDe VALUES (4, 4);
INSERT INTO AccompagneDe VALUES (5, 5);
INSERT INTO AccompagneDe VALUES (6, 6);
INSERT INTO AccompagneDe VALUES (7, 7);
INSERT INTO AccompagneDe VALUES (8, 8);
INSERT INTO AccompagneDe VALUES (9, 9);
INSERT INTO AccompagneDe VALUES (10, 10);
INSERT INTO AccompagneDe VALUES (11, 11);
INSERT INTO AccompagneDe VALUES (12, 12);
INSERT INTO AccompagneDe VALUES (13, 13);
INSERT INTO AccompagneDe VALUES (14, 14);
INSERT INTO AccompagneDe VALUES (15, 15);
INSERT INTO AccompagneDe VALUES (16, 16);
INSERT INTO AccompagneDe VALUES (17, 17);
INSERT INTO AccompagneDe VALUES (18, 18);
INSERT INTO AccompagneDe VALUES (19, 19);
INSERT INTO AccompagneDe VALUES (20, 20);
INSERT INTO AccompagneDe VALUES (21, 21);
INSERT INTO AccompagneDe VALUES (22, 22);
INSERT INTO AccompagneDe VALUES (23, 23);
INSERT INTO AccompagneDe VALUES (24, 24);
INSERT INTO AccompagneDe VALUES (25, 25);
INSERT INTO AccompagneDe VALUES (26, 26);
INSERT INTO AccompagneDe VALUES (27, 27);
INSERT INTO AccompagneDe VALUES (28, 28);
INSERT INTO AccompagneDe VALUES (29, 29);
INSERT INTO AccompagneDe VALUES (30, 30);
INSERT INTO AccompagneDe VALUES (31, 31);
INSERT INTO AccompagneDe VALUES (32, 32);
INSERT INTO AccompagneDe VALUES (33, 33);
INSERT INTO AccompagneDe VALUES (34, 34);
INSERT INTO AccompagneDe VALUES (35, 35);
INSERT INTO AccompagneDe VALUES (36, 36);
INSERT INTO AccompagneDe VALUES (37, 37);
INSERT INTO AccompagneDe VALUES (38, 38);
INSERT INTO AccompagneDe VALUES (39, 39);
INSERT INTO AccompagneDe VALUES (40, 40);
INSERT INTO AccompagneDe VALUES (41, 41);
INSERT INTO AccompagneDe VALUES (42, 42);
INSERT INTO AccompagneDe VALUES (43, 43);
INSERT INTO AccompagneDe VALUES (44, 44);
INSERT INTO AccompagneDe VALUES (45, 45);
INSERT INTO AccompagneDe VALUES (46, 46);
INSERT INTO AccompagneDe VALUES (47, 47);
INSERT INTO AccompagneDe VALUES (48, 48);
INSERT INTO AccompagneDe VALUES (49, 49);
INSERT INTO AccompagneDe VALUES (50, 50);


-- =======================================================
-- TABLE : UtiliseMachine
-- =======================================================
INSERT INTO UtiliseMachine VALUES (1, 'TRA-1-U4');
INSERT INTO UtiliseMachine VALUES (2, 'GRI-27-U2');
INSERT INTO UtiliseMachine VALUES (3, 'COM-4-U1');
INSERT INTO UtiliseMachine VALUES (4, 'GRI-11-U1');
INSERT INTO UtiliseMachine VALUES (5, 'CRO-5-U2');
INSERT INTO UtiliseMachine VALUES (6, 'OPT-3-U2');
INSERT INTO UtiliseMachine VALUES (7, 'GRI-21-U1');
INSERT INTO UtiliseMachine VALUES (8, 'OPT-24-U1');
INSERT INTO UtiliseMachine VALUES (9, 'COM-12-U1');
INSERT INTO UtiliseMachine VALUES (10, 'CRO-16-U1');
INSERT INTO UtiliseMachine VALUES (11, 'GRI-6-U2');
INSERT INTO UtiliseMachine VALUES (12, 'RAC-26-U4');
INSERT INTO UtiliseMachine VALUES (13, 'COM-10-U1');
INSERT INTO UtiliseMachine VALUES (14, 'RAC-26-U4');
INSERT INTO UtiliseMachine VALUES (15, 'GRI-27-U1');
INSERT INTO UtiliseMachine VALUES (16, 'OPT-24-U2');
INSERT INTO UtiliseMachine VALUES (17, 'CHE-28-U4');
INSERT INTO UtiliseMachine VALUES (18, 'CRO-18-U2');
INSERT INTO UtiliseMachine VALUES (19, 'TRA-8-U1');
INSERT INTO UtiliseMachine VALUES (20, 'TEN-22-U4');
INSERT INTO UtiliseMachine VALUES (21, 'COM-12-U1');
INSERT INTO UtiliseMachine VALUES (22, 'OPT-15-U4');
INSERT INTO UtiliseMachine VALUES (23, 'RAC-26-U1');
INSERT INTO UtiliseMachine VALUES (24, 'GRI-23-U2');
INSERT INTO UtiliseMachine VALUES (25, 'GRI-23-U2');
INSERT INTO UtiliseMachine VALUES (26, 'OPT-3-U3');
INSERT INTO UtiliseMachine VALUES (27, 'OPT-15-U1');
INSERT INTO UtiliseMachine VALUES (28, 'TEN-22-U4');
INSERT INTO UtiliseMachine VALUES (29, 'COM-12-U2');
INSERT INTO UtiliseMachine VALUES (30, 'OPT-13-U1');
INSERT INTO UtiliseMachine VALUES (31, 'GRI-6-U1');
INSERT INTO UtiliseMachine VALUES (32, 'OPT-15-U3');
INSERT INTO UtiliseMachine VALUES (33, 'OPT-15-U3');
INSERT INTO UtiliseMachine VALUES (34, 'CRO-9-U1');
INSERT INTO UtiliseMachine VALUES (35, 'CRO-20-U2');
INSERT INTO UtiliseMachine VALUES (36, 'CRO-5-U1');
INSERT INTO UtiliseMachine VALUES (37, 'GRI-11-U3');
INSERT INTO UtiliseMachine VALUES (38, 'RAC-26-U3');
INSERT INTO UtiliseMachine VALUES (39, 'TRA-1-U1');
INSERT INTO UtiliseMachine VALUES (40, 'OPT-13-U1');
INSERT INTO UtiliseMachine VALUES (41, 'TEN-22-U2');
INSERT INTO UtiliseMachine VALUES (42, 'OPT-3-U3');
INSERT INTO UtiliseMachine VALUES (43, 'COM-10-U2');
INSERT INTO UtiliseMachine VALUES (44, 'CRO-18-U1');
INSERT INTO UtiliseMachine VALUES (45, 'CRO-5-U2');
INSERT INTO UtiliseMachine VALUES (46, 'CRO-16-U1');
INSERT INTO UtiliseMachine VALUES (47, 'CRO-7-U1');
INSERT INTO UtiliseMachine VALUES (48, 'COM-10-U3');
INSERT INTO UtiliseMachine VALUES (49, 'GRI-6-U2');
INSERT INTO UtiliseMachine VALUES (50, 'CHE-28-U2');


-- =======================================================
-- TABLE : EstNote
-- =======================================================
INSERT INTO EstNote VALUES (1, 1);
INSERT INTO EstNote VALUES (2, 2);
INSERT INTO EstNote VALUES (3, 3);
INSERT INTO EstNote VALUES (4, 4);
INSERT INTO EstNote VALUES (5, 5);
INSERT INTO EstNote VALUES (6, 6);
INSERT INTO EstNote VALUES (7, 7);
INSERT INTO EstNote VALUES (8, 8);
INSERT INTO EstNote VALUES (9, 9);
INSERT INTO EstNote VALUES (10, 10);
INSERT INTO EstNote VALUES (11, 11);
INSERT INTO EstNote VALUES (12, 12);
INSERT INTO EstNote VALUES (13, 13);
INSERT INTO EstNote VALUES (14, 14);
INSERT INTO EstNote VALUES (15, 15);
INSERT INTO EstNote VALUES (16, 16);
INSERT INTO EstNote VALUES (17, 17);
INSERT INTO EstNote VALUES (18, 18);
INSERT INTO EstNote VALUES (19, 19);
INSERT INTO EstNote VALUES (20, 20);
INSERT INTO EstNote VALUES (21, 21);
INSERT INTO EstNote VALUES (22, 22);
INSERT INTO EstNote VALUES (23, 23);
INSERT INTO EstNote VALUES (24, 24);
INSERT INTO EstNote VALUES (25, 25);
INSERT INTO EstNote VALUES (26, 26);
INSERT INTO EstNote VALUES (27, 27);
INSERT INTO EstNote VALUES (28, 28);
INSERT INTO EstNote VALUES (29, 29);
INSERT INTO EstNote VALUES (30, 30);
INSERT INTO EstNote VALUES (31, 31);
INSERT INTO EstNote VALUES (32, 32);
INSERT INTO EstNote VALUES (33, 33);
INSERT INTO EstNote VALUES (34, 34);
INSERT INTO EstNote VALUES (35, 35);
INSERT INTO EstNote VALUES (36, 36);
INSERT INTO EstNote VALUES (37, 37);
INSERT INTO EstNote VALUES (38, 38);
INSERT INTO EstNote VALUES (39, 39);
INSERT INTO EstNote VALUES (40, 40);
INSERT INTO EstNote VALUES (41, 41);
INSERT INTO EstNote VALUES (42, 42);
INSERT INTO EstNote VALUES (43, 43);
INSERT INTO EstNote VALUES (44, 44);
INSERT INTO EstNote VALUES (45, 45);
INSERT INTO EstNote VALUES (46, 46);
INSERT INTO EstNote VALUES (47, 47);
INSERT INTO EstNote VALUES (48, 48);
INSERT INTO EstNote VALUES (49, 49);
INSERT INTO EstNote VALUES (50, 50);


-- =======================================================
-- TABLE : Tenrac
-- =======================================================
INSERT INTO Tenrac VALUES (1, 'Martin Nevot', 'Aureille', 'aureille.martinnevot1@univ-amu.fr', '0600000001', SDO_GEOMETRY(2001, 8307, SDO_POINT_TYPE(5.3306, 43.3639, NULL), NULL, NULL), 2, 58);
INSERT INTO Tenrac VALUES (2, 'Mouse', 'Lisa', 'lisa.mouse2@univ-amu.fr', '0600000002', SDO_GEOMETRY(2001, 8307, SDO_POINT_TYPE(5.1113, 43.9004, NULL), NULL, NULL), 5, 5);
INSERT INTO Tenrac VALUES (3, 'Morancey', 'Sebastien', 'sebastien.morancey3@univ-amu.fr', '0600000003', SDO_GEOMETRY(2001, 8307, SDO_POINT_TYPE(5.2549, 43.4572, NULL), NULL, NULL), 3, 51);
INSERT INTO Tenrac VALUES (4, 'Patateur', 'Ambrine', 'ambrine.patateur4@univ-amu.fr', '0600000004', SDO_GEOMETRY(2001, 8307, SDO_POINT_TYPE(5.077, 43.4162, NULL), NULL, NULL), 3, 6);
INSERT INTO Tenrac VALUES (5, 'Morancey', 'Jules', 'jules.morancey5@univ-amu.fr', '0600000005', SDO_GEOMETRY(2001, 8307, SDO_POINT_TYPE(5.5687, 43.7295, NULL), NULL, NULL), 3, 12);
INSERT INTO Tenrac VALUES (6, 'Durand', 'Youyounes', 'youyounes.durand6@univ-amu.fr', '0600000006', SDO_GEOMETRY(2001, 8307, SDO_POINT_TYPE(5.2622, 43.8438, NULL), NULL, NULL), 1, 26);
INSERT INTO Tenrac VALUES (7, 'Hitier', 'Nicolas', 'nicolas.hitier7@univ-amu.fr', '0600000007', SDO_GEOMETRY(2001, 8307, SDO_POINT_TYPE(5.5884, 43.1413, NULL), NULL, NULL), 2, 2);
INSERT INTO Tenrac VALUES (8, 'Patateur', 'Leo', 'leo.patateur8@univ-amu.fr', '0600000008', SDO_GEOMETRY(2001, 8307, SDO_POINT_TYPE(5.4636, 43.2972, NULL), NULL, NULL), 5, 50);
INSERT INTO Tenrac VALUES (9, 'Sabreur', 'Patrick', 'patrick.sabreur9@univ-amu.fr', '0600000009', SDO_GEOMETRY(2001, 8307, SDO_POINT_TYPE(5.9475, 43.7943, NULL), NULL, NULL), 1, 7);
INSERT INTO Tenrac VALUES (10, 'Morancey', 'Patrick', 'patrick.morancey10@univ-amu.fr', '0600000010', SDO_GEOMETRY(2001, 8307, SDO_POINT_TYPE(5.6522, 43.3779, NULL), NULL, NULL), 2, 46);
INSERT INTO Tenrac VALUES (11, 'Sabreur', 'Sylvain', 'sylvain.sabreur11@univ-amu.fr', '0600000011', SDO_GEOMETRY(2001, 8307, SDO_POINT_TYPE(5.4282, 43.0422, NULL), NULL, NULL), 7, 47);
INSERT INTO Tenrac VALUES (12, 'Scila', 'Julie', 'julie.scila12@univ-amu.fr', '0600000012', SDO_GEOMETRY(2001, 8307, SDO_POINT_TYPE(5.4932, 43.816, NULL), NULL, NULL), 1, 32);
INSERT INTO Tenrac VALUES (13, 'Patateur', 'Lisa', 'lisa.patateur13@univ-amu.fr', '0600000013', SDO_GEOMETRY(2001, 8307, SDO_POINT_TYPE(5.2411, 43.7715, NULL), NULL, NULL), 7, 9);
INSERT INTO Tenrac VALUES (14, 'Durand', 'Jean', 'jean.durand14@univ-amu.fr', '0600000014', SDO_GEOMETRY(2001, 8307, SDO_POINT_TYPE(5.3267, 43.8152, NULL), NULL, NULL), 3, 39);
INSERT INTO Tenrac VALUES (15, 'Albertos', 'Donald', 'donald.albertos15@univ-amu.fr', '0600000015', SDO_GEOMETRY(2001, 8307, SDO_POINT_TYPE(5.5912, 43.6241, NULL), NULL, NULL), 2, 28);
INSERT INTO Tenrac VALUES (16, 'Martin Nevot', 'Steve', 'steve.martinnevot16@univ-amu.fr', '0600000016', SDO_GEOMETRY(2001, 8307, SDO_POINT_TYPE(5.3868, 43.5661, NULL), NULL, NULL), 7, 5);
INSERT INTO Tenrac VALUES (17, 'Martin Nevot', 'Table_Basse', 'table_basse.martinnevot17@univ-amu.fr', '0600000017', SDO_GEOMETRY(2001, 8307, SDO_POINT_TYPE(5.2723, 43.1259, NULL), NULL, NULL), 3, 28);
INSERT INTO Tenrac VALUES (18, 'Hitier', 'Enzo', 'enzo.hitier18@univ-amu.fr', '0600000018', SDO_GEOMETRY(2001, 8307, SDO_POINT_TYPE(5.5044, 43.6081, NULL), NULL, NULL), 3, 5);
INSERT INTO Tenrac VALUES (19, 'Durand', 'Jean', 'jean.durand19@univ-amu.fr', '0600000019', SDO_GEOMETRY(2001, 8307, SDO_POINT_TYPE(5.501, 43.2019, NULL), NULL, NULL), 6, 35);
INSERT INTO Tenrac VALUES (20, 'Laverand', 'Ambrine', 'ambrine.laverand20@univ-amu.fr', '0600000020', SDO_GEOMETRY(2001, 8307, SDO_POINT_TYPE(5.8807, 43.589, NULL), NULL, NULL), 5, 40);
INSERT INTO Tenrac VALUES (21, 'Bilar', 'Youyounes', 'youyounes.bilar21@univ-amu.fr', '0600000021', SDO_GEOMETRY(2001, 8307, SDO_POINT_TYPE(5.031, 43.6722, NULL), NULL, NULL), 4, 5);
INSERT INTO Tenrac VALUES (22, 'Lafayette', 'Mathieu', 'mathieu.lafayette22@univ-amu.fr', '0600000022', SDO_GEOMETRY(2001, 8307, SDO_POINT_TYPE(5.3632, 43.9371, NULL), NULL, NULL), 5, 1);
INSERT INTO Tenrac VALUES (23, 'Lafayette', 'Leo', 'leo.lafayette23@univ-amu.fr', '0600000023', SDO_GEOMETRY(2001, 8307, SDO_POINT_TYPE(5.5954, 43.0541, NULL), NULL, NULL), 4, 59);
INSERT INTO Tenrac VALUES (24, 'De_Gaulle', 'Aureille', 'aureille.de_gaulle24@univ-amu.fr', '0600000024', SDO_GEOMETRY(2001, 8307, SDO_POINT_TYPE(5.5276, 43.7513, NULL), NULL, NULL), 7, 18);
INSERT INTO Tenrac VALUES (25, 'Morancey', 'Patrick', 'patrick.morancey25@univ-amu.fr', '0600000025', SDO_GEOMETRY(2001, 8307, SDO_POINT_TYPE(5.7992, 43.782, NULL), NULL, NULL), 2, 12);
INSERT INTO Tenrac VALUES (26, 'Martin Nevot', 'Jules', 'jules.martinnevot26@univ-amu.fr', '0600000026', SDO_GEOMETRY(2001, 8307, SDO_POINT_TYPE(5.7359, 43.6771, NULL), NULL, NULL), 6, 26);
INSERT INTO Tenrac VALUES (27, 'Machiavel', 'Lisa', 'lisa.machiavel27@univ-amu.fr', '0600000027', SDO_GEOMETRY(2001, 8307, SDO_POINT_TYPE(5.3507, 43.97, NULL), NULL, NULL), 5, 4);
INSERT INTO Tenrac VALUES (28, 'Scila', 'Morgan', 'morgan.scila28@univ-amu.fr', '0600000028', SDO_GEOMETRY(2001, 8307, SDO_POINT_TYPE(5.5982, 43.6413, NULL), NULL, NULL), 7, 4);
INSERT INTO Tenrac VALUES (29, 'Albertos', 'Ambrine', 'ambrine.albertos29@univ-amu.fr', '0600000029', SDO_GEOMETRY(2001, 8307, SDO_POINT_TYPE(5.5262, 43.1678, NULL), NULL, NULL), 5, 24);
INSERT INTO Tenrac VALUES (30, 'Higueurs', 'Emma', 'emma.higueurs30@univ-amu.fr', '0600000030', SDO_GEOMETRY(2001, 8307, SDO_POINT_TYPE(5.6558, 43.2499, NULL), NULL, NULL), 1, 22);
INSERT INTO Tenrac VALUES (31, 'Durand', 'Lisa', 'lisa.durand31@univ-amu.fr', '0600000031', SDO_GEOMETRY(2001, 8307, SDO_POINT_TYPE(5.3801, 43.4569, NULL), NULL, NULL), 7, 20);
INSERT INTO Tenrac VALUES (32, 'Bilar', 'Laurence', 'laurence.bilar32@univ-amu.fr', '0600000032', SDO_GEOMETRY(2001, 8307, SDO_POINT_TYPE(5.2601, 43.6031, NULL), NULL, NULL), 6, 42);
INSERT INTO Tenrac VALUES (33, 'Lafayette', 'Rodolphe', 'rodolphe.lafayette33@univ-amu.fr', '0600000033', SDO_GEOMETRY(2001, 8307, SDO_POINT_TYPE(5.7237, 43.6747, NULL), NULL, NULL), 7, 19);
INSERT INTO Tenrac VALUES (34, 'Hitier', 'Jean', 'jean.hitier34@univ-amu.fr', '0600000034', SDO_GEOMETRY(2001, 8307, SDO_POINT_TYPE(5.7465, 43.9066, NULL), NULL, NULL), 5, 53);
INSERT INTO Tenrac VALUES (35, 'Salamanca', 'Evan', 'evan.salamanca35@univ-amu.fr', '0600000035', SDO_GEOMETRY(2001, 8307, SDO_POINT_TYPE(5.1698, 43.3311, NULL), NULL, NULL), 6, 45);
INSERT INTO Tenrac VALUES (36, 'Morancey', 'Rodolphe', 'rodolphe.morancey36@univ-amu.fr', '0600000036', SDO_GEOMETRY(2001, 8307, SDO_POINT_TYPE(5.006, 43.4959, NULL), NULL, NULL), 7, 37);
INSERT INTO Tenrac VALUES (37, 'Higueurs', 'Emma', 'emma.higueurs37@univ-amu.fr', '0600000037', SDO_GEOMETRY(2001, 8307, SDO_POINT_TYPE(5.9091, 43.8969, NULL), NULL, NULL), 3, 43);
INSERT INTO Tenrac VALUES (38, 'Salamanca', 'Youyounes', 'youyounes.salamanca38@univ-amu.fr', '0600000038', SDO_GEOMETRY(2001, 8307, SDO_POINT_TYPE(5.7349, 43.5877, NULL), NULL, NULL), 4, 46);
INSERT INTO Tenrac VALUES (39, 'Morancey', 'Leo', 'leo.morancey39@univ-amu.fr', '0600000039', SDO_GEOMETRY(2001, 8307, SDO_POINT_TYPE(5.5829, 43.6262, NULL), NULL, NULL), 2, 19);
INSERT INTO Tenrac VALUES (40, 'Morancey', 'Nate', 'nate.morancey40@univ-amu.fr', '0600000040', SDO_GEOMETRY(2001, 8307, SDO_POINT_TYPE(5.5115, 43.5383, NULL), NULL, NULL), 3, 36);
INSERT INTO Tenrac VALUES (41, 'Durand', 'Rodolphe', 'rodolphe.durand41@univ-amu.fr', '0600000041', SDO_GEOMETRY(2001, 8307, SDO_POINT_TYPE(5.0281, 43.9418, NULL), NULL, NULL), 7, 53);
INSERT INTO Tenrac VALUES (42, 'Agostinelli', 'Lee', 'lee.agostinelli42@univ-amu.fr', '0600000042', SDO_GEOMETRY(2001, 8307, SDO_POINT_TYPE(5.9703, 43.497, NULL), NULL, NULL), 1, 22);
INSERT INTO Tenrac VALUES (43, 'Sabreur', 'Lee', 'lee.sabreur43@univ-amu.fr', '0600000043', SDO_GEOMETRY(2001, 8307, SDO_POINT_TYPE(5.0707, 43.9451, NULL), NULL, NULL), 2, 39);
INSERT INTO Tenrac VALUES (44, 'White', 'Morgan', 'morgan.white44@univ-amu.fr', '0600000044', SDO_GEOMETRY(2001, 8307, SDO_POINT_TYPE(5.8131, 43.4042, NULL), NULL, NULL), 1, 11);
INSERT INTO Tenrac VALUES (45, 'Nedjar', 'Lisa', 'lisa.nedjar45@univ-amu.fr', '0600000045', SDO_GEOMETRY(2001, 8307, SDO_POINT_TYPE(5.3851, 43.0192, NULL), NULL, NULL), 1, 15);
INSERT INTO Tenrac VALUES (46, 'Machiavel', 'Ambrine', 'ambrine.machiavel46@univ-amu.fr', '0600000046', SDO_GEOMETRY(2001, 8307, SDO_POINT_TYPE(5.7208, 43.124, NULL), NULL, NULL), 2, 30);
INSERT INTO Tenrac VALUES (47, 'Durand', 'Ambrine', 'ambrine.durand47@univ-amu.fr', '0600000047', SDO_GEOMETRY(2001, 8307, SDO_POINT_TYPE(5.6988, 43.0651, NULL), NULL, NULL), 6, 42);
INSERT INTO Tenrac VALUES (48, 'Lafayette', 'Mickael', 'mickael.lafayette48@univ-amu.fr', '0600000048', SDO_GEOMETRY(2001, 8307, SDO_POINT_TYPE(5.5857, 43.6537, NULL), NULL, NULL), 6, 38);
INSERT INTO Tenrac VALUES (49, 'Morancey', 'Sebastien', 'sebastien.morancey49@univ-amu.fr', '0600000049', SDO_GEOMETRY(2001, 8307, SDO_POINT_TYPE(5.0697, 43.7866, NULL), NULL, NULL), 7, 50);
INSERT INTO Tenrac VALUES (50, 'Bilar', 'Mathiassse', 'mathiassse.bilar50@univ-amu.fr', '0600000050', SDO_GEOMETRY(2001, 8307, SDO_POINT_TYPE(5.0477, 43.4848, NULL), NULL, NULL), 6, 21);
INSERT INTO Tenrac VALUES (51, 'Nedjar', 'Nate', 'nate.nedjar51@univ-amu.fr', '0600000051', SDO_GEOMETRY(2001, 8307, SDO_POINT_TYPE(5.7481, 43.3992, NULL), NULL, NULL), 1, 58);
INSERT INTO Tenrac VALUES (52, 'Sabreur', 'Nicolas', 'nicolas.sabreur52@univ-amu.fr', '0600000052', SDO_GEOMETRY(2001, 8307, SDO_POINT_TYPE(5.9317, 43.748, NULL), NULL, NULL), 7, 53);
INSERT INTO Tenrac VALUES (53, 'Papadaod', 'Mickael', 'mickael.papadaod53@univ-amu.fr', '0600000053', SDO_GEOMETRY(2001, 8307, SDO_POINT_TYPE(5.7893, 43.7639, NULL), NULL, NULL), 1, 32);
INSERT INTO Tenrac VALUES (54, 'De_Gaulle', 'Julie', 'julie.de_gaulle54@univ-amu.fr', '0600000054', SDO_GEOMETRY(2001, 8307, SDO_POINT_TYPE(5.2473, 43.8765, NULL), NULL, NULL), 7, 56);
INSERT INTO Tenrac VALUES (55, 'Mouse', 'Aureille', 'aureille.mouse55@univ-amu.fr', '0600000055', SDO_GEOMETRY(2001, 8307, SDO_POINT_TYPE(5.4142, 43.9349, NULL), NULL, NULL), 2, 20);
INSERT INTO Tenrac VALUES (56, 'Lafayette', 'Enzo', 'enzo.lafayette56@univ-amu.fr', '0600000056', SDO_GEOMETRY(2001, 8307, SDO_POINT_TYPE(5.2031, 43.0309, NULL), NULL, NULL), 7, 17);
INSERT INTO Tenrac VALUES (57, 'Scila', 'Adame', 'adame.scila57@univ-amu.fr', '0600000057', SDO_GEOMETRY(2001, 8307, SDO_POINT_TYPE(5.8021, 43.3172, NULL), NULL, NULL), 4, 13);
INSERT INTO Tenrac VALUES (58, 'Salamanca', 'Mickey', 'mickey.salamanca58@univ-amu.fr', '0600000058', SDO_GEOMETRY(2001, 8307, SDO_POINT_TYPE(5.4667, 43.8729, NULL), NULL, NULL), 6, 35);
INSERT INTO Tenrac VALUES (59, 'Scila', 'Nate', 'nate.scila59@univ-amu.fr', '0600000059', SDO_GEOMETRY(2001, 8307, SDO_POINT_TYPE(5.7763, 43.0528, NULL), NULL, NULL), 7, 47);
INSERT INTO Tenrac VALUES (60, 'Bilar', 'Nathan', 'nathan.bilar60@univ-amu.fr', '0600000060', SDO_GEOMETRY(2001, 8307, SDO_POINT_TYPE(5.6901, 43.2794, NULL), NULL, NULL), 2, 3);
INSERT INTO Tenrac VALUES (61, 'Bilar', 'Moisaucisse', 'moisaucisse.bilar61@univ-amu.fr', '0600000061', SDO_GEOMETRY(2001, 8307, SDO_POINT_TYPE(5.0619, 43.2888, NULL), NULL, NULL), 7, 39);
INSERT INTO Tenrac VALUES (62, 'Laverand', 'Evan', 'evan.laverand62@univ-amu.fr', '0600000062', SDO_GEOMETRY(2001, 8307, SDO_POINT_TYPE(5.8311, 43.0862, NULL), NULL, NULL), 2, 20);
INSERT INTO Tenrac VALUES (63, 'Salamanca', 'Mathiassse', 'mathiassse.salamanca63@univ-amu.fr', '0600000063', SDO_GEOMETRY(2001, 8307, SDO_POINT_TYPE(5.8281, 43.1414, NULL), NULL, NULL), 6, 26);
INSERT INTO Tenrac VALUES (64, 'Boule', 'Mathiassse', 'mathiassse.boule64@univ-amu.fr', '0600000064', SDO_GEOMETRY(2001, 8307, SDO_POINT_TYPE(5.9799, 43.6379, NULL), NULL, NULL), 3, 30);
INSERT INTO Tenrac VALUES (65, 'Albertos', 'Morgan', 'morgan.albertos65@univ-amu.fr', '0600000065', SDO_GEOMETRY(2001, 8307, SDO_POINT_TYPE(5.0798, 43.416, NULL), NULL, NULL), 3, 35);
INSERT INTO Tenrac VALUES (66, 'Mouse', 'Leo', 'leo.mouse66@univ-amu.fr', '0600000066', SDO_GEOMETRY(2001, 8307, SDO_POINT_TYPE(5.8578, 43.0539, NULL), NULL, NULL), 7, 4);
INSERT INTO Tenrac VALUES (67, 'Agostinelli', 'Table_Basse', 'table_basse.agostinelli67@univ-amu.fr', '0600000067', SDO_GEOMETRY(2001, 8307, SDO_POINT_TYPE(5.6892, 43.701, NULL), NULL, NULL), 3, 50);
INSERT INTO Tenrac VALUES (68, 'Hitier', 'Steve', 'steve.hitier68@univ-amu.fr', '0600000068', SDO_GEOMETRY(2001, 8307, SDO_POINT_TYPE(5.2713, 43.5975, NULL), NULL, NULL), 7, 27);
INSERT INTO Tenrac VALUES (69, 'De_Gaulle', 'Mathiassse', 'mathiassse.de_gaulle69@univ-amu.fr', '0600000069', SDO_GEOMETRY(2001, 8307, SDO_POINT_TYPE(5.2997, 43.5759, NULL), NULL, NULL), 2, 45);
INSERT INTO Tenrac VALUES (70, 'Durand', 'Nate', 'nate.durand70@univ-amu.fr', '0600000070', SDO_GEOMETRY(2001, 8307, SDO_POINT_TYPE(5.5774, 43.301, NULL), NULL, NULL), 6, 11);
INSERT INTO Tenrac VALUES (71, 'Papadaod', 'Mathieu', 'mathieu.papadaod71@univ-amu.fr', '0600000071', SDO_GEOMETRY(2001, 8307, SDO_POINT_TYPE(5.3397, 43.0726, NULL), NULL, NULL), 3, 21);
INSERT INTO Tenrac VALUES (72, 'Papadaod', 'Jules', 'jules.papadaod72@univ-amu.fr', '0600000072', SDO_GEOMETRY(2001, 8307, SDO_POINT_TYPE(5.0974, 43.7763, NULL), NULL, NULL), 6, 53);
INSERT INTO Tenrac VALUES (73, 'Agostinelli', 'Jules', 'jules.agostinelli73@univ-amu.fr', '0600000073', SDO_GEOMETRY(2001, 8307, SDO_POINT_TYPE(5.7204, 43.4606, NULL), NULL, NULL), 7, 41);
INSERT INTO Tenrac VALUES (74, 'Salamanca', 'Donald', 'donald.salamanca74@univ-amu.fr', '0600000074', SDO_GEOMETRY(2001, 8307, SDO_POINT_TYPE(5.1589, 43.2571, NULL), NULL, NULL), 5, 50);
INSERT INTO Tenrac VALUES (75, 'Martin Nevot', 'Nicolas', 'nicolas.martinnevot75@univ-amu.fr', '0600000075', SDO_GEOMETRY(2001, 8307, SDO_POINT_TYPE(5.6253, 43.2307, NULL), NULL, NULL), 1, 38);
INSERT INTO Tenrac VALUES (76, 'Durand', 'Adame', 'adame.durand76@univ-amu.fr', '0600000076', SDO_GEOMETRY(2001, 8307, SDO_POINT_TYPE(5.9911, 43.8343, NULL), NULL, NULL), 3, 52);
INSERT INTO Tenrac VALUES (77, 'Morancey', 'Aureille', 'aureille.morancey77@univ-amu.fr', '0600000077', SDO_GEOMETRY(2001, 8307, SDO_POINT_TYPE(5.2518, 43.1933, NULL), NULL, NULL), 4, 34);
INSERT INTO Tenrac VALUES (78, 'White', 'Moisaucisse', 'moisaucisse.white78@univ-amu.fr', '0600000078', SDO_GEOMETRY(2001, 8307, SDO_POINT_TYPE(5.0026, 43.6688, NULL), NULL, NULL), 7, 49);
INSERT INTO Tenrac VALUES (79, 'Higueurs', 'Mathieu', 'mathieu.higueurs79@univ-amu.fr', '0600000079', SDO_GEOMETRY(2001, 8307, SDO_POINT_TYPE(5.385, 43.1923, NULL), NULL, NULL), 1, 4);
INSERT INTO Tenrac VALUES (80, 'Machiavel', 'Emma', 'emma.machiavel80@univ-amu.fr', '0600000080', SDO_GEOMETRY(2001, 8307, SDO_POINT_TYPE(5.7004, 43.8915, NULL), NULL, NULL), 7, 21);
INSERT INTO Tenrac VALUES (81, 'Scila', 'Jules', 'jules.scila81@univ-amu.fr', '0600000081', SDO_GEOMETRY(2001, 8307, SDO_POINT_TYPE(5.5016, 43.6047, NULL), NULL, NULL), 1, 52);
INSERT INTO Tenrac VALUES (82, 'Patateur', 'Rodolphe', 'rodolphe.patateur82@univ-amu.fr', '0600000082', SDO_GEOMETRY(2001, 8307, SDO_POINT_TYPE(5.4938, 43.4247, NULL), NULL, NULL), 3, 40);
INSERT INTO Tenrac VALUES (83, 'Papadaod', 'Lee', 'lee.papadaod83@univ-amu.fr', '0600000083', SDO_GEOMETRY(2001, 8307, SDO_POINT_TYPE(5.1688, 43.7472, NULL), NULL, NULL), 3, 10);
INSERT INTO Tenrac VALUES (84, 'Sabreur', 'Moisaucisse', 'moisaucisse.sabreur84@univ-amu.fr', '0600000084', SDO_GEOMETRY(2001, 8307, SDO_POINT_TYPE(5.7226, 43.0188, NULL), NULL, NULL), 2, 4);
INSERT INTO Tenrac VALUES (85, 'Durand', 'Charlotte', 'charlotte.durand85@univ-amu.fr', '0600000085', SDO_GEOMETRY(2001, 8307, SDO_POINT_TYPE(5.8849, 43.279, NULL), NULL, NULL), 6, 19);
INSERT INTO Tenrac VALUES (86, 'Scila', 'Maeva', 'maeva.scila86@univ-amu.fr', '0600000086', SDO_GEOMETRY(2001, 8307, SDO_POINT_TYPE(5.3833, 43.8463, NULL), NULL, NULL), 2, 33);
INSERT INTO Tenrac VALUES (87, 'Martin Nevot', 'Youyounes', 'youyounes.martinnevot87@univ-amu.fr', '0600000087', SDO_GEOMETRY(2001, 8307, SDO_POINT_TYPE(5.6505, 43.0536, NULL), NULL, NULL), 3, 49);
INSERT INTO Tenrac VALUES (88, 'Lafayette', 'Sylvain', 'sylvain.lafayette88@univ-amu.fr', '0600000088', SDO_GEOMETRY(2001, 8307, SDO_POINT_TYPE(5.0118, 43.4305, NULL), NULL, NULL), 1, 42);
INSERT INTO Tenrac VALUES (89, 'Boule', 'Table_Basse', 'table_basse.boule89@univ-amu.fr', '0600000089', SDO_GEOMETRY(2001, 8307, SDO_POINT_TYPE(5.1164, 43.8585, NULL), NULL, NULL), 2, 50);
INSERT INTO Tenrac VALUES (90, 'Hitier', 'Ambrine', 'ambrine.hitier90@univ-amu.fr', '0600000090', SDO_GEOMETRY(2001, 8307, SDO_POINT_TYPE(5.2876, 43.6216, NULL), NULL, NULL), 2, 12);
INSERT INTO Tenrac VALUES (91, 'Patateur', 'Ambrine', 'ambrine.patateur91@univ-amu.fr', '0600000091', SDO_GEOMETRY(2001, 8307, SDO_POINT_TYPE(5.9832, 43.346, NULL), NULL, NULL), 3, 52);
INSERT INTO Tenrac VALUES (92, 'Agostinelli', 'Steve', 'steve.agostinelli92@univ-amu.fr', '0600000092', SDO_GEOMETRY(2001, 8307, SDO_POINT_TYPE(5.5161, 43.3728, NULL), NULL, NULL), 3, 36);
INSERT INTO Tenrac VALUES (93, 'Mouse', 'Adame', 'adame.mouse93@univ-amu.fr', '0600000093', SDO_GEOMETRY(2001, 8307, SDO_POINT_TYPE(5.8545, 43.9458, NULL), NULL, NULL), 3, 58);
INSERT INTO Tenrac VALUES (94, 'Boule', 'Moisaucisse', 'moisaucisse.boule94@univ-amu.fr', '0600000094', SDO_GEOMETRY(2001, 8307, SDO_POINT_TYPE(5.5319, 43.7295, NULL), NULL, NULL), 5, 5);
INSERT INTO Tenrac VALUES (95, 'White', 'Nate', 'nate.white95@univ-amu.fr', '0600000095', SDO_GEOMETRY(2001, 8307, SDO_POINT_TYPE(5.0863, 43.9578, NULL), NULL, NULL), 6, 23);
INSERT INTO Tenrac VALUES (96, 'Nedjar', 'Donald', 'donald.nedjar96@univ-amu.fr', '0600000096', SDO_GEOMETRY(2001, 8307, SDO_POINT_TYPE(5.6161, 43.585, NULL), NULL, NULL), 3, 57);
INSERT INTO Tenrac VALUES (97, 'Lafayette', 'Mathieu', 'mathieu.lafayette97@univ-amu.fr', '0600000097', SDO_GEOMETRY(2001, 8307, SDO_POINT_TYPE(5.3642, 43.4069, NULL), NULL, NULL), 4, 15);
INSERT INTO Tenrac VALUES (98, 'Mouse', 'Julie', 'julie.mouse98@univ-amu.fr', '0600000098', SDO_GEOMETRY(2001, 8307, SDO_POINT_TYPE(5.8113, 43.7445, NULL), NULL, NULL), 7, 19);
INSERT INTO Tenrac VALUES (99, 'Martin Nevot', 'Emma', 'emma.martinnevot99@univ-amu.fr', '0600000099', SDO_GEOMETRY(2001, 8307, SDO_POINT_TYPE(5.9341, 43.903, NULL), NULL, NULL), 1, 23);
INSERT INTO Tenrac VALUES (100, 'Hitier', 'Mickael', 'mickael.hitier100@univ-amu.fr', '0600000100', SDO_GEOMETRY(2001, 8307, SDO_POINT_TYPE(5.8423, 43.2455, NULL), NULL, NULL), 7, 6);


-- =======================================================
-- TABLE : Organisme
-- =======================================================
INSERT INTO Organisme VALUES (1, 'Tenders Corp', 17056139973236, 1);
INSERT INTO Organisme VALUES (2, 'Food Truck Tenrac', 49718513491528, 2);
INSERT INTO Organisme VALUES (3, 'IUT Aix-Marseille', 14698556206706, 3);
INSERT INTO Organisme VALUES (4, 'Universite Aix', 45369360251311, 4);
INSERT INTO Organisme VALUES (5, 'Amicale Raclette', 60107897785816, 5);
INSERT INTO Organisme VALUES (6, 'Amicale Raclette', 80601813909189, 6);
INSERT INTO Organisme VALUES (7, 'Food Truck Tenrac', 98092563905769, 7);
INSERT INTO Organisme VALUES (8, 'Universite Aix', 41558724213133, 8);
INSERT INTO Organisme VALUES (9, 'Restaurant Savoy', 21739417695598, 9);
INSERT INTO Organisme VALUES (10, 'Universite Aix', 97839213146666, 10);
INSERT INTO Organisme VALUES (11, 'IUT Aix-Marseille', 79967622547262, 11);
INSERT INTO Organisme VALUES (12, 'Restaurant Savoy', 92672574900246, 12);
INSERT INTO Organisme VALUES (13, 'Fromagerie Alpes', 17353424336195, 13);
INSERT INTO Organisme VALUES (14, 'Food Truck Tenrac', 57109048524251, 14);
INSERT INTO Organisme VALUES (15, 'Fromagerie Alpes', 69214275310369, 15);
INSERT INTO Organisme VALUES (16, 'KFC France', 25748698292124, 16);
INSERT INTO Organisme VALUES (17, 'Food Truck Tenrac', 53134819359221, 17);
INSERT INTO Organisme VALUES (18, 'Universite Aix', 97382270387727, 18);
INSERT INTO Organisme VALUES (19, 'Tenders Corp', 98177463104822, 19);
INSERT INTO Organisme VALUES (20, 'Tenders Corp', 24284743074781, 20);
INSERT INTO Organisme VALUES (21, 'Fromagerie Alpes', 10000211462153, 21);
INSERT INTO Organisme VALUES (22, 'Restaurant Savoy', 89631638631781, 22);
INSERT INTO Organisme VALUES (23, 'Fromagerie Alpes', 78056648771971, 23);
INSERT INTO Organisme VALUES (24, 'Restaurant Savoy', 90461576322583, 24);
INSERT INTO Organisme VALUES (25, 'Food Truck Tenrac', 39207781308909, 25);
INSERT INTO Organisme VALUES (26, 'Restaurant Savoy', 48614173433103, 26);
INSERT INTO Organisme VALUES (27, 'Fromagerie Alpes', 39717448281244, 27);
INSERT INTO Organisme VALUES (28, 'Fromagerie Alpes', 38390141145959, 28);
INSERT INTO Organisme VALUES (29, 'Universite Aix', 36113691991469, 29);
INSERT INTO Organisme VALUES (30, 'IUT Aix-Marseille', 10363713144562, 30);
INSERT INTO Organisme VALUES (31, 'IUT Aix-Marseille', 46516146269773, 31);
INSERT INTO Organisme VALUES (32, 'Amicale Raclette', 57893319571864, 32);
INSERT INTO Organisme VALUES (33, 'Food Truck Tenrac', 60252711037426, 33);
INSERT INTO Organisme VALUES (34, 'Restaurant Savoy', 31383151964096, 34);
INSERT INTO Organisme VALUES (35, 'KFC France', 82211694463795, 35);
INSERT INTO Organisme VALUES (36, 'Food Truck Tenrac', 19880567007689, 36);
INSERT INTO Organisme VALUES (37, 'IUT Aix-Marseille', 92381365469877, 37);
INSERT INTO Organisme VALUES (38, 'Tenders Corp', 75914565052176, 38);
INSERT INTO Organisme VALUES (39, 'Amicale Raclette', 32016751142577, 39);
INSERT INTO Organisme VALUES (40, 'Fromagerie Alpes', 77306459232585, 40);
INSERT INTO Organisme VALUES (41, 'Fromagerie Alpes', 44861234526453, 41);
INSERT INTO Organisme VALUES (42, 'Fromagerie Alpes', 87805360586566, 42);
INSERT INTO Organisme VALUES (43, 'Universite Aix', 74240119746901, 43);
INSERT INTO Organisme VALUES (44, 'IUT Aix-Marseille', 80888329368338, 44);
INSERT INTO Organisme VALUES (45, 'Fromagerie Alpes', 17374252755463, 45);
INSERT INTO Organisme VALUES (46, 'Universite Aix', 12049373953811, 46);
INSERT INTO Organisme VALUES (47, 'IUT Aix-Marseille', 15373921207322, 47);
INSERT INTO Organisme VALUES (48, 'Food Truck Tenrac', 44888792833390, 48);
INSERT INTO Organisme VALUES (49, 'IUT Aix-Marseille', 93841645999584, 49);
INSERT INTO Organisme VALUES (50, 'Restaurant Savoy', 72676694549273, 50);
INSERT INTO Organisme VALUES (51, 'Amicale Raclette', 71165351428617, 51);
INSERT INTO Organisme VALUES (52, 'Amicale Raclette', 50202084452652, 52);
INSERT INTO Organisme VALUES (53, 'Universite Aix', 16221070998422, 53);
INSERT INTO Organisme VALUES (54, 'Food Truck Tenrac', 79991677412113, 54);
INSERT INTO Organisme VALUES (55, 'Food Truck Tenrac', 67271840241236, 55);
INSERT INTO Organisme VALUES (56, 'KFC France', 20733754533000, 56);
INSERT INTO Organisme VALUES (57, 'Fromagerie Alpes', 71508535031454, 57);
INSERT INTO Organisme VALUES (58, 'Amicale Raclette', 85573368488287, 58);
INSERT INTO Organisme VALUES (59, 'Restaurant Savoy', 58826492319869, 59);
INSERT INTO Organisme VALUES (60, 'Amicale Raclette', 98704723753246, 60);
INSERT INTO Organisme VALUES (61, 'Food Truck Tenrac', 98916383684483, 61);
INSERT INTO Organisme VALUES (62, 'Universite Aix', 47700475653105, 62);
INSERT INTO Organisme VALUES (63, 'Fromagerie Alpes', 36412431529341, 63);
INSERT INTO Organisme VALUES (64, 'Universite Aix', 48179936417618, 64);
INSERT INTO Organisme VALUES (65, 'IUT Aix-Marseille', 78477392972017, 65);
INSERT INTO Organisme VALUES (66, 'IUT Aix-Marseille', 85957958246473, 66);
INSERT INTO Organisme VALUES (67, 'IUT Aix-Marseille', 57910696146013, 67);
INSERT INTO Organisme VALUES (68, 'Fromagerie Alpes', 54124721171690, 68);
INSERT INTO Organisme VALUES (69, 'Fromagerie Alpes', 30278450238729, 69);
INSERT INTO Organisme VALUES (70, 'Food Truck Tenrac', 23628254862522, 70);
INSERT INTO Organisme VALUES (71, 'Amicale Raclette', 14247758580348, 71);
INSERT INTO Organisme VALUES (72, 'IUT Aix-Marseille', 11980771416444, 72);
INSERT INTO Organisme VALUES (73, 'IUT Aix-Marseille', 31113494635667, 73);
INSERT INTO Organisme VALUES (74, 'IUT Aix-Marseille', 40203053000868, 74);
INSERT INTO Organisme VALUES (75, 'Amicale Raclette', 71823636496559, 75);
INSERT INTO Organisme VALUES (76, 'Amicale Raclette', 63204464181386, 76);
INSERT INTO Organisme VALUES (77, 'Fromagerie Alpes', 79535973471711, 77);
INSERT INTO Organisme VALUES (78, 'Food Truck Tenrac', 63438074362932, 78);
INSERT INTO Organisme VALUES (79, 'Restaurant Savoy', 44214914215529, 79);
INSERT INTO Organisme VALUES (80, 'Tenders Corp', 54463728142724, 80);
INSERT INTO Organisme VALUES (81, 'Restaurant Savoy', 91432306287931, 81);
INSERT INTO Organisme VALUES (82, 'Amicale Raclette', 44290847056338, 82);
INSERT INTO Organisme VALUES (83, 'Amicale Raclette', 13566102994662, 83);
INSERT INTO Organisme VALUES (84, 'Universite Aix', 27650153892515, 84);
INSERT INTO Organisme VALUES (85, 'Fromagerie Alpes', 16259908455872, 85);
INSERT INTO Organisme VALUES (86, 'Fromagerie Alpes', 95320537329200, 86);
INSERT INTO Organisme VALUES (87, 'Food Truck Tenrac', 46474129724621, 87);
INSERT INTO Organisme VALUES (88, 'Universite Aix', 59448258059598, 88);
INSERT INTO Organisme VALUES (89, 'Fromagerie Alpes', 91143213539712, 89);
INSERT INTO Organisme VALUES (90, 'Food Truck Tenrac', 12310995364496, 90);
INSERT INTO Organisme VALUES (91, 'Food Truck Tenrac', 66993714911839, 91);
INSERT INTO Organisme VALUES (92, 'Fromagerie Alpes', 86486299108415, 92);
INSERT INTO Organisme VALUES (93, 'Universite Aix', 55388313632628, 93);
INSERT INTO Organisme VALUES (94, 'Restaurant Savoy', 29140743255524, 94);
INSERT INTO Organisme VALUES (95, 'Food Truck Tenrac', 99022255208507, 95);
INSERT INTO Organisme VALUES (96, 'Fromagerie Alpes', 80021596723766, 96);
INSERT INTO Organisme VALUES (97, 'KFC France', 15660428638326, 97);
INSERT INTO Organisme VALUES (98, 'Amicale Raclette', 54148932202174, 98);
INSERT INTO Organisme VALUES (99, 'Tenders Corp', 98180731612638, 99);
INSERT INTO Organisme VALUES (100, 'Fromagerie Alpes', 35712104141034, 100);


-- =======================================================
-- TABLE : Rang
-- =======================================================
INSERT INTO Rang VALUES (1, 'Compagnon', 2);
INSERT INTO Rang VALUES (2, 'Novice', 6);
INSERT INTO Rang VALUES (3, 'Novice', 8);
INSERT INTO Rang VALUES (4, 'Compagnon', 10);
INSERT INTO Rang VALUES (5, 'Compagnon', 16);
INSERT INTO Rang VALUES (6, 'Novice', 20);
INSERT INTO Rang VALUES (7, 'Novice', 24);
INSERT INTO Rang VALUES (8, 'Novice', 35);
INSERT INTO Rang VALUES (9, 'Compagnon', 36);
INSERT INTO Rang VALUES (10, 'Novice', 42);
INSERT INTO Rang VALUES (11, 'Compagnon', 49);
INSERT INTO Rang VALUES (12, 'Compagnon', 50);
INSERT INTO Rang VALUES (13, 'Novice', 53);
INSERT INTO Rang VALUES (14, 'Compagnon', 62);
INSERT INTO Rang VALUES (15, 'Compagnon', 64);
INSERT INTO Rang VALUES (16, 'Novice', 65);
INSERT INTO Rang VALUES (17, 'Compagnon', 68);
INSERT INTO Rang VALUES (18, 'Compagnon', 69);
INSERT INTO Rang VALUES (19, 'Compagnon', 72);
INSERT INTO Rang VALUES (20, 'Novice', 76);
INSERT INTO Rang VALUES (21, 'Novice', 78);
INSERT INTO Rang VALUES (22, 'Compagnon', 81);
INSERT INTO Rang VALUES (23, 'Compagnon', 83);
INSERT INTO Rang VALUES (24, 'Compagnon', 85);
INSERT INTO Rang VALUES (25, 'Novice', 91);
INSERT INTO Rang VALUES (26, 'Compagnon', 92);
INSERT INTO Rang VALUES (27, 'Compagnon', 93);
INSERT INTO Rang VALUES (28, 'Novice', 95);
INSERT INTO Rang VALUES (29, 'Compagnon', 96);


-- =======================================================
-- TABLE : Titre
-- =======================================================
INSERT INTO Titre VALUES (1, 'Honorable', 4);
INSERT INTO Titre VALUES (2, 'Protecteur', 5);
INSERT INTO Titre VALUES (3, 'Philanthrope', 7);
INSERT INTO Titre VALUES (4, 'Honorable', 10);
INSERT INTO Titre VALUES (5, 'Honorable', 14);
INSERT INTO Titre VALUES (6, 'Philanthrope', 16);
INSERT INTO Titre VALUES (7, 'Honorable', 17);
INSERT INTO Titre VALUES (8, 'Honorable', 20);
INSERT INTO Titre VALUES (9, 'Honorable', 21);
INSERT INTO Titre VALUES (10, 'Honorable', 27);
INSERT INTO Titre VALUES (11, 'Philanthrope', 28);
INSERT INTO Titre VALUES (12, 'Philanthrope', 43);
INSERT INTO Titre VALUES (13, 'Honorable', 45);
INSERT INTO Titre VALUES (14, 'Protecteur', 70);
INSERT INTO Titre VALUES (15, 'Honorable', 84);
INSERT INTO Titre VALUES (16, 'Philanthrope', 90);
INSERT INTO Titre VALUES (17, 'Philanthrope', 94);
INSERT INTO Titre VALUES (18, 'Protecteur', 95);
INSERT INTO Titre VALUES (19, 'Protecteur', 99);


-- =======================================================
-- TABLE : Dignite
-- =======================================================
INSERT INTO Dignite VALUES (1, 'Grand Maitre', 2);
INSERT INTO Dignite VALUES (2, 'Grand Chancelier', 9);
INSERT INTO Dignite VALUES (3, 'Grand Chancelier', 20);
INSERT INTO Dignite VALUES (4, 'Maitre', 23);
INSERT INTO Dignite VALUES (5, 'Maitre', 24);
INSERT INTO Dignite VALUES (6, 'Grand Maitre', 38);
INSERT INTO Dignite VALUES (7, 'Grand Maitre', 40);
INSERT INTO Dignite VALUES (8, 'Maitre', 48);
INSERT INTO Dignite VALUES (9, 'Grand Chancelier', 53);
INSERT INTO Dignite VALUES (10, 'Grand Maitre', 61);
INSERT INTO Dignite VALUES (11, 'Grand Chancelier', 71);
INSERT INTO Dignite VALUES (12, 'Grand Chancelier', 88);
INSERT INTO Dignite VALUES (13, 'Grand Maitre', 89);
INSERT INTO Dignite VALUES (14, 'Maitre', 96);


-- =======================================================
-- TABLE : TenracClub
-- =======================================================
INSERT INTO TenracClub VALUES (1, 2);
INSERT INTO TenracClub VALUES (2, 3);
INSERT INTO TenracClub VALUES (3, 4);
INSERT INTO TenracClub VALUES (4, 6);
INSERT INTO TenracClub VALUES (5, 7);
INSERT INTO TenracClub VALUES (6, 9);
INSERT INTO TenracClub VALUES (7, 11);
INSERT INTO TenracClub VALUES (8, 12);
INSERT INTO TenracClub VALUES (9, 14);
INSERT INTO TenracClub VALUES (10, 15);
INSERT INTO TenracClub VALUES (11, 20);
INSERT INTO TenracClub VALUES (12, 22);
INSERT INTO TenracClub VALUES (13, 23);
INSERT INTO TenracClub VALUES (14, 24);
INSERT INTO TenracClub VALUES (15, 25);
INSERT INTO TenracClub VALUES (16, 27);
INSERT INTO TenracClub VALUES (17, 29);
INSERT INTO TenracClub VALUES (18, 30);
INSERT INTO TenracClub VALUES (19, 31);
INSERT INTO TenracClub VALUES (20, 32);
INSERT INTO TenracClub VALUES (21, 33);
INSERT INTO TenracClub VALUES (22, 34);
INSERT INTO TenracClub VALUES (23, 35);
INSERT INTO TenracClub VALUES (24, 36);
INSERT INTO TenracClub VALUES (25, 37);
INSERT INTO TenracClub VALUES (26, 38);
INSERT INTO TenracClub VALUES (27, 40);
INSERT INTO TenracClub VALUES (28, 42);
INSERT INTO TenracClub VALUES (29, 43);
INSERT INTO TenracClub VALUES (30, 44);
INSERT INTO TenracClub VALUES (31, 45);
INSERT INTO TenracClub VALUES (32, 46);
INSERT INTO TenracClub VALUES (33, 47);
INSERT INTO TenracClub VALUES (34, 51);
INSERT INTO TenracClub VALUES (35, 52);
INSERT INTO TenracClub VALUES (36, 54);
INSERT INTO TenracClub VALUES (37, 56);
INSERT INTO TenracClub VALUES (38, 58);
INSERT INTO TenracClub VALUES (39, 59);
INSERT INTO TenracClub VALUES (40, 60);
INSERT INTO TenracClub VALUES (41, 62);
INSERT INTO TenracClub VALUES (42, 63);
INSERT INTO TenracClub VALUES (43, 64);
INSERT INTO TenracClub VALUES (44, 65);
INSERT INTO TenracClub VALUES (45, 66);
INSERT INTO TenracClub VALUES (46, 67);
INSERT INTO TenracClub VALUES (47, 68);
INSERT INTO TenracClub VALUES (48, 69);
INSERT INTO TenracClub VALUES (49, 70);
INSERT INTO TenracClub VALUES (50, 71);
INSERT INTO TenracClub VALUES (51, 72);
INSERT INTO TenracClub VALUES (52, 73);
INSERT INTO TenracClub VALUES (53, 76);
INSERT INTO TenracClub VALUES (54, 77);
INSERT INTO TenracClub VALUES (55, 78);
INSERT INTO TenracClub VALUES (56, 79);
INSERT INTO TenracClub VALUES (57, 80);
INSERT INTO TenracClub VALUES (58, 81);
INSERT INTO TenracClub VALUES (59, 82);
INSERT INTO TenracClub VALUES (60, 84);
INSERT INTO TenracClub VALUES (61, 85);
INSERT INTO TenracClub VALUES (62, 86);
INSERT INTO TenracClub VALUES (63, 87);
INSERT INTO TenracClub VALUES (64, 88);
INSERT INTO TenracClub VALUES (65, 90);
INSERT INTO TenracClub VALUES (66, 92);
INSERT INTO TenracClub VALUES (67, 93);
INSERT INTO TenracClub VALUES (68, 94);
INSERT INTO TenracClub VALUES (69, 95);
INSERT INTO TenracClub VALUES (70, 96);
INSERT INTO TenracClub VALUES (71, 98);


-- =======================================================
-- TABLE : TenracOrdre
-- =======================================================
INSERT INTO TenracOrdre VALUES (1, 1);
INSERT INTO TenracOrdre VALUES (2, 5);
INSERT INTO TenracOrdre VALUES (3, 8);
INSERT INTO TenracOrdre VALUES (4, 10);
INSERT INTO TenracOrdre VALUES (5, 13);
INSERT INTO TenracOrdre VALUES (6, 16);
INSERT INTO TenracOrdre VALUES (7, 17);
INSERT INTO TenracOrdre VALUES (8, 18);
INSERT INTO TenracOrdre VALUES (9, 19);
INSERT INTO TenracOrdre VALUES (10, 21);
INSERT INTO TenracOrdre VALUES (11, 26);
INSERT INTO TenracOrdre VALUES (12, 28);
INSERT INTO TenracOrdre VALUES (13, 39);
INSERT INTO TenracOrdre VALUES (14, 41);
INSERT INTO TenracOrdre VALUES (15, 48);
INSERT INTO TenracOrdre VALUES (16, 49);
INSERT INTO TenracOrdre VALUES (17, 50);
INSERT INTO TenracOrdre VALUES (18, 53);
INSERT INTO TenracOrdre VALUES (19, 55);
INSERT INTO TenracOrdre VALUES (20, 57);
INSERT INTO TenracOrdre VALUES (21, 61);
INSERT INTO TenracOrdre VALUES (22, 74);
INSERT INTO TenracOrdre VALUES (23, 75);
INSERT INTO TenracOrdre VALUES (24, 83);
INSERT INTO TenracOrdre VALUES (25, 89);
INSERT INTO TenracOrdre VALUES (26, 91);
INSERT INTO TenracOrdre VALUES (27, 97);
INSERT INTO TenracOrdre VALUES (28, 99);
INSERT INTO TenracOrdre VALUES (29, 100);


-- =======================================================
-- TABLE : Attribue
-- =======================================================
INSERT INTO Attribue VALUES (1, 50);
INSERT INTO Attribue VALUES (2, 42);
INSERT INTO Attribue VALUES (3, 4);
INSERT INTO Attribue VALUES (4, 30);
INSERT INTO Attribue VALUES (5, 16);
INSERT INTO Attribue VALUES (6, 37);
INSERT INTO Attribue VALUES (7, 38);
INSERT INTO Attribue VALUES (8, 11);
INSERT INTO Attribue VALUES (9, 18);
INSERT INTO Attribue VALUES (10, 12);
INSERT INTO Attribue VALUES (11, 36);
INSERT INTO Attribue VALUES (12, 38);
INSERT INTO Attribue VALUES (13, 30);
INSERT INTO Attribue VALUES (14, 4);
INSERT INTO Attribue VALUES (15, 37);
INSERT INTO Attribue VALUES (16, 25);
INSERT INTO Attribue VALUES (17, 12);
INSERT INTO Attribue VALUES (18, 43);
INSERT INTO Attribue VALUES (19, 4);
INSERT INTO Attribue VALUES (20, 44);
INSERT INTO Attribue VALUES (21, 26);
INSERT INTO Attribue VALUES (22, 44);
INSERT INTO Attribue VALUES (23, 2);
INSERT INTO Attribue VALUES (24, 4);
INSERT INTO Attribue VALUES (25, 40);
INSERT INTO Attribue VALUES (26, 37);
INSERT INTO Attribue VALUES (27, 34);
INSERT INTO Attribue VALUES (28, 16);
INSERT INTO Attribue VALUES (29, 34);
INSERT INTO Attribue VALUES (30, 3);
INSERT INTO Attribue VALUES (31, 28);
INSERT INTO Attribue VALUES (32, 33);
INSERT INTO Attribue VALUES (33, 19);
INSERT INTO Attribue VALUES (34, 8);
INSERT INTO Attribue VALUES (35, 34);
INSERT INTO Attribue VALUES (36, 45);
INSERT INTO Attribue VALUES (37, 32);
INSERT INTO Attribue VALUES (38, 27);
INSERT INTO Attribue VALUES (39, 9);
INSERT INTO Attribue VALUES (40, 30);
INSERT INTO Attribue VALUES (41, 13);
INSERT INTO Attribue VALUES (42, 16);
INSERT INTO Attribue VALUES (43, 10);
INSERT INTO Attribue VALUES (44, 24);
INSERT INTO Attribue VALUES (45, 4);
INSERT INTO Attribue VALUES (46, 42);
INSERT INTO Attribue VALUES (47, 11);
INSERT INTO Attribue VALUES (48, 13);
INSERT INTO Attribue VALUES (49, 19);
INSERT INTO Attribue VALUES (50, 1);
INSERT INTO Attribue VALUES (51, 44);
INSERT INTO Attribue VALUES (52, 30);
INSERT INTO Attribue VALUES (53, 1);
INSERT INTO Attribue VALUES (54, 28);
INSERT INTO Attribue VALUES (55, 37);
INSERT INTO Attribue VALUES (56, 43);
INSERT INTO Attribue VALUES (57, 12);
INSERT INTO Attribue VALUES (58, 2);
INSERT INTO Attribue VALUES (59, 25);
INSERT INTO Attribue VALUES (60, 25);
INSERT INTO Attribue VALUES (61, 45);
INSERT INTO Attribue VALUES (62, 20);
INSERT INTO Attribue VALUES (63, 48);
INSERT INTO Attribue VALUES (64, 48);
INSERT INTO Attribue VALUES (65, 39);
INSERT INTO Attribue VALUES (66, 3);
INSERT INTO Attribue VALUES (67, 26);
INSERT INTO Attribue VALUES (68, 43);
INSERT INTO Attribue VALUES (69, 12);
INSERT INTO Attribue VALUES (70, 49);
INSERT INTO Attribue VALUES (71, 44);
INSERT INTO Attribue VALUES (72, 39);
INSERT INTO Attribue VALUES (73, 42);
INSERT INTO Attribue VALUES (74, 42);
INSERT INTO Attribue VALUES (75, 25);
INSERT INTO Attribue VALUES (76, 16);
INSERT INTO Attribue VALUES (77, 30);
INSERT INTO Attribue VALUES (78, 17);
INSERT INTO Attribue VALUES (79, 23);
INSERT INTO Attribue VALUES (80, 25);
INSERT INTO Attribue VALUES (81, 20);
INSERT INTO Attribue VALUES (82, 6);
INSERT INTO Attribue VALUES (83, 5);
INSERT INTO Attribue VALUES (84, 32);
INSERT INTO Attribue VALUES (85, 8);
INSERT INTO Attribue VALUES (86, 29);
INSERT INTO Attribue VALUES (87, 40);
INSERT INTO Attribue VALUES (88, 50);
INSERT INTO Attribue VALUES (89, 4);
INSERT INTO Attribue VALUES (90, 43);
INSERT INTO Attribue VALUES (91, 38);
INSERT INTO Attribue VALUES (92, 39);
INSERT INTO Attribue VALUES (93, 1);
INSERT INTO Attribue VALUES (94, 28);
INSERT INTO Attribue VALUES (95, 14);
INSERT INTO Attribue VALUES (96, 20);
INSERT INTO Attribue VALUES (97, 49);
INSERT INTO Attribue VALUES (98, 48);
INSERT INTO Attribue VALUES (99, 48);
INSERT INTO Attribue VALUES (100, 45);


-- =======================================================
-- TABLE : Repas
-- =======================================================
INSERT INTO Repas VALUES (1, 'Repas de Gala', 33, 4);
INSERT INTO Repas VALUES (2, 'Banquet Hiver', 43, 2);
INSERT INTO Repas VALUES (3, 'Degustation', 39, 2);
INSERT INTO Repas VALUES (4, 'Repas de Gala', 10, 5);
INSERT INTO Repas VALUES (5, 'Reunion Annuelle', 33, 1);
INSERT INTO Repas VALUES (6, 'Soiree Tenders', 46, 3);
INSERT INTO Repas VALUES (7, 'Repas de Gala', 7, 3);
INSERT INTO Repas VALUES (8, 'Repas de Gala', 28, 2);
INSERT INTO Repas VALUES (9, 'Cene Fromagere', 3, 4);
INSERT INTO Repas VALUES (10, 'Cene Fromagere', 46, 2);
INSERT INTO Repas VALUES (11, 'Cene Fromagere', 45, 4);
INSERT INTO Repas VALUES (12, 'Soiree Tenders', 47, 1);
INSERT INTO Repas VALUES (13, 'Repas de Gala', 34, 2);
INSERT INTO Repas VALUES (14, 'Cene Fromagere', 50, 1);
INSERT INTO Repas VALUES (15, 'Cene Fromagere', 12, 4);
INSERT INTO Repas VALUES (16, 'Degustation', 41, 1);
INSERT INTO Repas VALUES (17, 'Soiree Tenders', 11, 4);
INSERT INTO Repas VALUES (18, 'Soiree Tenders', 30, 4);
INSERT INTO Repas VALUES (19, 'Reunion Annuelle', 34, 2);
INSERT INTO Repas VALUES (20, 'Cene Fromagere', 46, 4);
INSERT INTO Repas VALUES (21, 'Reunion Annuelle', 15, 1);
INSERT INTO Repas VALUES (22, 'Degustation', 15, 1);
INSERT INTO Repas VALUES (23, 'Repas de Gala', 42, 2);
INSERT INTO Repas VALUES (24, 'Repas de Gala', 30, 5);
INSERT INTO Repas VALUES (25, 'Diner Secret', 28, 2);
INSERT INTO Repas VALUES (26, 'Degustation', 36, 5);
INSERT INTO Repas VALUES (27, 'Soiree Tenders', 28, 5);
INSERT INTO Repas VALUES (28, 'Degustation', 24, 1);
INSERT INTO Repas VALUES (29, 'Reunion Annuelle', 14, 3);
INSERT INTO Repas VALUES (30, 'Repas de Gala', 41, 1);
INSERT INTO Repas VALUES (31, 'Banquet Hiver', 40, 1);
INSERT INTO Repas VALUES (32, 'Cene Fromagere', 49, 2);
INSERT INTO Repas VALUES (33, 'Cene Fromagere', 12, 4);
INSERT INTO Repas VALUES (34, 'Cene Fromagere', 30, 1);
INSERT INTO Repas VALUES (35, 'Cene Fromagere', 34, 2);
INSERT INTO Repas VALUES (36, 'Soiree Tenders', 27, 5);
INSERT INTO Repas VALUES (37, 'Soiree Tenders', 1, 2);
INSERT INTO Repas VALUES (38, 'Soiree Tenders', 37, 4);
INSERT INTO Repas VALUES (39, 'Repas de Gala', 48, 4);
INSERT INTO Repas VALUES (40, 'Festin des Maitres', 20, 5);
INSERT INTO Repas VALUES (41, 'Banquet Hiver', 30, 3);
INSERT INTO Repas VALUES (42, 'Cene Fromagere', 40, 4);
INSERT INTO Repas VALUES (43, 'Diner Secret', 43, 5);
INSERT INTO Repas VALUES (44, 'Cene Fromagere', 19, 4);
INSERT INTO Repas VALUES (45, 'Diner Secret', 6, 3);
INSERT INTO Repas VALUES (46, 'Banquet Hiver', 7, 1);
INSERT INTO Repas VALUES (47, 'Diner Secret', 7, 4);
INSERT INTO Repas VALUES (48, 'Cene Fromagere', 35, 2);
INSERT INTO Repas VALUES (49, 'Diner Secret', 19, 3);
INSERT INTO Repas VALUES (50, 'Cene Fromagere', 25, 5);
INSERT INTO Repas VALUES (51, 'Reunion Annuelle', 3, 4);
INSERT INTO Repas VALUES (52, 'Reunion Annuelle', 1, 1);
INSERT INTO Repas VALUES (53, 'Festin des Maitres', 24, 1);
INSERT INTO Repas VALUES (54, 'Banquet Hiver', 37, 5);
INSERT INTO Repas VALUES (55, 'Diner Secret', 35, 4);
INSERT INTO Repas VALUES (56, 'Reunion Annuelle', 50, 5);
INSERT INTO Repas VALUES (57, 'Repas de Gala', 27, 3);
INSERT INTO Repas VALUES (58, 'Repas de Gala', 1, 4);
INSERT INTO Repas VALUES (59, 'Banquet Hiver', 47, 3);
INSERT INTO Repas VALUES (60, 'Cene Fromagere', 11, 1);
INSERT INTO Repas VALUES (61, 'Soiree Tenders', 13, 5);
INSERT INTO Repas VALUES (62, 'Soiree Tenders', 35, 1);
INSERT INTO Repas VALUES (63, 'Festin des Maitres', 5, 5);
INSERT INTO Repas VALUES (64, 'Diner Secret', 29, 5);
INSERT INTO Repas VALUES (65, 'Diner Secret', 33, 5);
INSERT INTO Repas VALUES (66, 'Banquet Hiver', 19, 1);
INSERT INTO Repas VALUES (67, 'Repas de Gala', 10, 1);
INSERT INTO Repas VALUES (68, 'Repas de Gala', 1, 2);
INSERT INTO Repas VALUES (69, 'Banquet Hiver', 46, 4);
INSERT INTO Repas VALUES (70, 'Repas de Gala', 31, 4);
INSERT INTO Repas VALUES (71, 'Repas de Gala', 36, 3);
INSERT INTO Repas VALUES (72, 'Diner Secret', 48, 4);
INSERT INTO Repas VALUES (73, 'Reunion Annuelle', 21, 3);
INSERT INTO Repas VALUES (74, 'Banquet Hiver', 43, 1);
INSERT INTO Repas VALUES (75, 'Reunion Annuelle', 39, 2);
INSERT INTO Repas VALUES (76, 'Festin des Maitres', 18, 4);
INSERT INTO Repas VALUES (77, 'Repas de Gala', 47, 4);
INSERT INTO Repas VALUES (78, 'Banquet Hiver', 12, 1);
INSERT INTO Repas VALUES (79, 'Diner Secret', 33, 2);
INSERT INTO Repas VALUES (80, 'Degustation', 48, 2);
INSERT INTO Repas VALUES (81, 'Reunion Annuelle', 20, 3);
INSERT INTO Repas VALUES (82, 'Reunion Annuelle', 16, 4);
INSERT INTO Repas VALUES (83, 'Cene Fromagere', 25, 1);
INSERT INTO Repas VALUES (84, 'Banquet Hiver', 35, 5);
INSERT INTO Repas VALUES (85, 'Reunion Annuelle', 36, 1);
INSERT INTO Repas VALUES (86, 'Cene Fromagere', 43, 3);
INSERT INTO Repas VALUES (87, 'Banquet Hiver', 48, 4);
INSERT INTO Repas VALUES (88, 'Banquet Hiver', 26, 1);
INSERT INTO Repas VALUES (89, 'Festin des Maitres', 11, 2);
INSERT INTO Repas VALUES (90, 'Cene Fromagere', 4, 1);
INSERT INTO Repas VALUES (91, 'Degustation', 47, 4);
INSERT INTO Repas VALUES (92, 'Festin des Maitres', 14, 3);
INSERT INTO Repas VALUES (93, 'Cene Fromagere', 14, 5);
INSERT INTO Repas VALUES (94, 'Cene Fromagere', 43, 4);
INSERT INTO Repas VALUES (95, 'Soiree Tenders', 33, 3);
INSERT INTO Repas VALUES (96, 'Soiree Tenders', 35, 5);
INSERT INTO Repas VALUES (97, 'Festin des Maitres', 21, 1);
INSERT INTO Repas VALUES (98, 'Reunion Annuelle', 25, 1);
INSERT INTO Repas VALUES (99, 'Degustation', 23, 2);
INSERT INTO Repas VALUES (100, 'Repas de Gala', 4, 2);


-- =======================================================
-- TABLE : Reunion
-- =======================================================
INSERT INTO Reunion VALUES (1, CURRENT_TIMESTAMP, SDO_GEOMETRY(2001, 8307, SDO_POINT_TYPE(5.5613, 43.7661, NULL), NULL, NULL), 86, 89);
INSERT INTO Reunion VALUES (2, CURRENT_TIMESTAMP, SDO_GEOMETRY(2001, 8307, SDO_POINT_TYPE(5.0712, 43.4183, NULL), NULL, NULL), 95, 85);
INSERT INTO Reunion VALUES (3, CURRENT_TIMESTAMP, SDO_GEOMETRY(2001, 8307, SDO_POINT_TYPE(5.0147, 43.0116, NULL), NULL, NULL), 60, 37);
INSERT INTO Reunion VALUES (4, CURRENT_TIMESTAMP, SDO_GEOMETRY(2001, 8307, SDO_POINT_TYPE(5.2859, 43.5909, NULL), NULL, NULL), 27, 10);
INSERT INTO Reunion VALUES (5, CURRENT_TIMESTAMP, SDO_GEOMETRY(2001, 8307, SDO_POINT_TYPE(5.9552, 43.5304, NULL), NULL, NULL), 23, 65);
INSERT INTO Reunion VALUES (6, CURRENT_TIMESTAMP, SDO_GEOMETRY(2001, 8307, SDO_POINT_TYPE(5.6219, 43.6993, NULL), NULL, NULL), 42, 40);
INSERT INTO Reunion VALUES (7, CURRENT_TIMESTAMP, SDO_GEOMETRY(2001, 8307, SDO_POINT_TYPE(5.2392, 43.6862, NULL), NULL, NULL), 81, 33);
INSERT INTO Reunion VALUES (8, CURRENT_TIMESTAMP, SDO_GEOMETRY(2001, 8307, SDO_POINT_TYPE(5.9623, 43.8772, NULL), NULL, NULL), 34, 90);
INSERT INTO Reunion VALUES (9, CURRENT_TIMESTAMP, SDO_GEOMETRY(2001, 8307, SDO_POINT_TYPE(5.7853, 43.6649, NULL), NULL, NULL), 39, 53);
INSERT INTO Reunion VALUES (10, CURRENT_TIMESTAMP, SDO_GEOMETRY(2001, 8307, SDO_POINT_TYPE(5.2531, 43.7762, NULL), NULL, NULL), 77, 55);
INSERT INTO Reunion VALUES (11, CURRENT_TIMESTAMP, SDO_GEOMETRY(2001, 8307, SDO_POINT_TYPE(5.9151, 43.2163, NULL), NULL, NULL), 69, 77);
INSERT INTO Reunion VALUES (12, CURRENT_TIMESTAMP, SDO_GEOMETRY(2001, 8307, SDO_POINT_TYPE(5.03, 43.3802, NULL), NULL, NULL), 27, 93);
INSERT INTO Reunion VALUES (13, CURRENT_TIMESTAMP, SDO_GEOMETRY(2001, 8307, SDO_POINT_TYPE(5.0536, 43.5183, NULL), NULL, NULL), 5, 58);
INSERT INTO Reunion VALUES (14, CURRENT_TIMESTAMP, SDO_GEOMETRY(2001, 8307, SDO_POINT_TYPE(5.0023, 43.1642, NULL), NULL, NULL), 62, 97);
INSERT INTO Reunion VALUES (15, CURRENT_TIMESTAMP, SDO_GEOMETRY(2001, 8307, SDO_POINT_TYPE(5.2725, 43.7251, NULL), NULL, NULL), 40, 44);
INSERT INTO Reunion VALUES (16, CURRENT_TIMESTAMP, SDO_GEOMETRY(2001, 8307, SDO_POINT_TYPE(5.3367, 43.9969, NULL), NULL, NULL), 22, 13);
INSERT INTO Reunion VALUES (17, CURRENT_TIMESTAMP, SDO_GEOMETRY(2001, 8307, SDO_POINT_TYPE(5.559, 43.627, NULL), NULL, NULL), 37, 20);
INSERT INTO Reunion VALUES (18, CURRENT_TIMESTAMP, SDO_GEOMETRY(2001, 8307, SDO_POINT_TYPE(5.003, 43.754, NULL), NULL, NULL), 77, 26);
INSERT INTO Reunion VALUES (19, CURRENT_TIMESTAMP, SDO_GEOMETRY(2001, 8307, SDO_POINT_TYPE(5.4666, 43.3212, NULL), NULL, NULL), 63, 64);
INSERT INTO Reunion VALUES (20, CURRENT_TIMESTAMP, SDO_GEOMETRY(2001, 8307, SDO_POINT_TYPE(5.1241, 43.3362, NULL), NULL, NULL), 20, 93);
INSERT INTO Reunion VALUES (21, CURRENT_TIMESTAMP, SDO_GEOMETRY(2001, 8307, SDO_POINT_TYPE(5.062, 43.8088, NULL), NULL, NULL), 99, 59);
INSERT INTO Reunion VALUES (22, CURRENT_TIMESTAMP, SDO_GEOMETRY(2001, 8307, SDO_POINT_TYPE(5.891, 43.8004, NULL), NULL, NULL), 96, 38);
INSERT INTO Reunion VALUES (23, CURRENT_TIMESTAMP, SDO_GEOMETRY(2001, 8307, SDO_POINT_TYPE(5.9971, 43.4306, NULL), NULL, NULL), 48, 10);
INSERT INTO Reunion VALUES (24, CURRENT_TIMESTAMP, SDO_GEOMETRY(2001, 8307, SDO_POINT_TYPE(5.0815, 43.9466, NULL), NULL, NULL), 30, 84);
INSERT INTO Reunion VALUES (25, CURRENT_TIMESTAMP, SDO_GEOMETRY(2001, 8307, SDO_POINT_TYPE(5.9925, 43.8283, NULL), NULL, NULL), 12, 42);
INSERT INTO Reunion VALUES (26, CURRENT_TIMESTAMP, SDO_GEOMETRY(2001, 8307, SDO_POINT_TYPE(5.1823, 43.3536, NULL), NULL, NULL), 20, 82);
INSERT INTO Reunion VALUES (27, CURRENT_TIMESTAMP, SDO_GEOMETRY(2001, 8307, SDO_POINT_TYPE(5.7078, 43.2615, NULL), NULL, NULL), 77, 19);
INSERT INTO Reunion VALUES (28, CURRENT_TIMESTAMP, SDO_GEOMETRY(2001, 8307, SDO_POINT_TYPE(5.1034, 43.4198, NULL), NULL, NULL), 63, 32);
INSERT INTO Reunion VALUES (29, CURRENT_TIMESTAMP, SDO_GEOMETRY(2001, 8307, SDO_POINT_TYPE(5.8488, 43.4661, NULL), NULL, NULL), 92, 28);
INSERT INTO Reunion VALUES (30, CURRENT_TIMESTAMP, SDO_GEOMETRY(2001, 8307, SDO_POINT_TYPE(5.8613, 43.0062, NULL), NULL, NULL), 64, 2);
INSERT INTO Reunion VALUES (31, CURRENT_TIMESTAMP, SDO_GEOMETRY(2001, 8307, SDO_POINT_TYPE(5.4061, 43.7509, NULL), NULL, NULL), 36, 40);
INSERT INTO Reunion VALUES (32, CURRENT_TIMESTAMP, SDO_GEOMETRY(2001, 8307, SDO_POINT_TYPE(5.6325, 43.9456, NULL), NULL, NULL), 76, 87);
INSERT INTO Reunion VALUES (33, CURRENT_TIMESTAMP, SDO_GEOMETRY(2001, 8307, SDO_POINT_TYPE(5.3777, 43.2891, NULL), NULL, NULL), 61, 70);
INSERT INTO Reunion VALUES (34, CURRENT_TIMESTAMP, SDO_GEOMETRY(2001, 8307, SDO_POINT_TYPE(5.8709, 43.5791, NULL), NULL, NULL), 14, 81);
INSERT INTO Reunion VALUES (35, CURRENT_TIMESTAMP, SDO_GEOMETRY(2001, 8307, SDO_POINT_TYPE(5.4129, 43.6778, NULL), NULL, NULL), 4, 66);
INSERT INTO Reunion VALUES (36, CURRENT_TIMESTAMP, SDO_GEOMETRY(2001, 8307, SDO_POINT_TYPE(5.7774, 43.7137, NULL), NULL, NULL), 19, 61);
INSERT INTO Reunion VALUES (37, CURRENT_TIMESTAMP, SDO_GEOMETRY(2001, 8307, SDO_POINT_TYPE(5.2698, 43.1445, NULL), NULL, NULL), 49, 99);
INSERT INTO Reunion VALUES (38, CURRENT_TIMESTAMP, SDO_GEOMETRY(2001, 8307, SDO_POINT_TYPE(5.2299, 43.0828, NULL), NULL, NULL), 19, 10);
INSERT INTO Reunion VALUES (39, CURRENT_TIMESTAMP, SDO_GEOMETRY(2001, 8307, SDO_POINT_TYPE(5.1329, 43.4774, NULL), NULL, NULL), 57, 45);
INSERT INTO Reunion VALUES (40, CURRENT_TIMESTAMP, SDO_GEOMETRY(2001, 8307, SDO_POINT_TYPE(5.9242, 43.5351, NULL), NULL, NULL), 3, 63);
INSERT INTO Reunion VALUES (41, CURRENT_TIMESTAMP, SDO_GEOMETRY(2001, 8307, SDO_POINT_TYPE(5.8955, 43.8182, NULL), NULL, NULL), 16, 6);
INSERT INTO Reunion VALUES (42, CURRENT_TIMESTAMP, SDO_GEOMETRY(2001, 8307, SDO_POINT_TYPE(5.1872, 43.6724, NULL), NULL, NULL), 74, 57);
INSERT INTO Reunion VALUES (43, CURRENT_TIMESTAMP, SDO_GEOMETRY(2001, 8307, SDO_POINT_TYPE(5.1388, 43.5241, NULL), NULL, NULL), 48, 65);
INSERT INTO Reunion VALUES (44, CURRENT_TIMESTAMP, SDO_GEOMETRY(2001, 8307, SDO_POINT_TYPE(5.8251, 43.1922, NULL), NULL, NULL), 19, 70);
INSERT INTO Reunion VALUES (45, CURRENT_TIMESTAMP, SDO_GEOMETRY(2001, 8307, SDO_POINT_TYPE(5.6795, 43.7392, NULL), NULL, NULL), 84, 93);
INSERT INTO Reunion VALUES (46, CURRENT_TIMESTAMP, SDO_GEOMETRY(2001, 8307, SDO_POINT_TYPE(5.8386, 43.6401, NULL), NULL, NULL), 52, 20);
INSERT INTO Reunion VALUES (47, CURRENT_TIMESTAMP, SDO_GEOMETRY(2001, 8307, SDO_POINT_TYPE(5.8359, 43.4268, NULL), NULL, NULL), 31, 59);
INSERT INTO Reunion VALUES (48, CURRENT_TIMESTAMP, SDO_GEOMETRY(2001, 8307, SDO_POINT_TYPE(5.5274, 43.2026, NULL), NULL, NULL), 100, 99);
INSERT INTO Reunion VALUES (49, CURRENT_TIMESTAMP, SDO_GEOMETRY(2001, 8307, SDO_POINT_TYPE(5.7724, 43.5359, NULL), NULL, NULL), 12, 86);
INSERT INTO Reunion VALUES (50, CURRENT_TIMESTAMP, SDO_GEOMETRY(2001, 8307, SDO_POINT_TYPE(5.372, 43.488, NULL), NULL, NULL), 4, 84);
INSERT INTO Reunion VALUES (51, CURRENT_TIMESTAMP, SDO_GEOMETRY(2001, 8307, SDO_POINT_TYPE(5.5841, 43.2763, NULL), NULL, NULL), 91, 58);
INSERT INTO Reunion VALUES (52, CURRENT_TIMESTAMP, SDO_GEOMETRY(2001, 8307, SDO_POINT_TYPE(5.6553, 43.1222, NULL), NULL, NULL), 31, 15);
INSERT INTO Reunion VALUES (53, CURRENT_TIMESTAMP, SDO_GEOMETRY(2001, 8307, SDO_POINT_TYPE(5.1543, 43.0244, NULL), NULL, NULL), 38, 30);
INSERT INTO Reunion VALUES (54, CURRENT_TIMESTAMP, SDO_GEOMETRY(2001, 8307, SDO_POINT_TYPE(5.0058, 43.4613, NULL), NULL, NULL), 60, 65);
INSERT INTO Reunion VALUES (55, CURRENT_TIMESTAMP, SDO_GEOMETRY(2001, 8307, SDO_POINT_TYPE(5.0469, 43.2432, NULL), NULL, NULL), 15, 50);
INSERT INTO Reunion VALUES (56, CURRENT_TIMESTAMP, SDO_GEOMETRY(2001, 8307, SDO_POINT_TYPE(5.7602, 43.9313, NULL), NULL, NULL), 100, 99);
INSERT INTO Reunion VALUES (57, CURRENT_TIMESTAMP, SDO_GEOMETRY(2001, 8307, SDO_POINT_TYPE(5.2602, 43.3944, NULL), NULL, NULL), 42, 53);
INSERT INTO Reunion VALUES (58, CURRENT_TIMESTAMP, SDO_GEOMETRY(2001, 8307, SDO_POINT_TYPE(5.5227, 43.8468, NULL), NULL, NULL), 13, 20);
INSERT INTO Reunion VALUES (59, CURRENT_TIMESTAMP, SDO_GEOMETRY(2001, 8307, SDO_POINT_TYPE(5.7241, 43.1262, NULL), NULL, NULL), 34, 39);
INSERT INTO Reunion VALUES (60, CURRENT_TIMESTAMP, SDO_GEOMETRY(2001, 8307, SDO_POINT_TYPE(5.4742, 43.5926, NULL), NULL, NULL), 37, 26);
INSERT INTO Reunion VALUES (61, CURRENT_TIMESTAMP, SDO_GEOMETRY(2001, 8307, SDO_POINT_TYPE(5.4537, 43.7575, NULL), NULL, NULL), 55, 40);
INSERT INTO Reunion VALUES (62, CURRENT_TIMESTAMP, SDO_GEOMETRY(2001, 8307, SDO_POINT_TYPE(5.4972, 43.2475, NULL), NULL, NULL), 27, 91);
INSERT INTO Reunion VALUES (63, CURRENT_TIMESTAMP, SDO_GEOMETRY(2001, 8307, SDO_POINT_TYPE(5.6481, 43.0869, NULL), NULL, NULL), 100, 90);
INSERT INTO Reunion VALUES (64, CURRENT_TIMESTAMP, SDO_GEOMETRY(2001, 8307, SDO_POINT_TYPE(5.5726, 43.3624, NULL), NULL, NULL), 94, 54);
INSERT INTO Reunion VALUES (65, CURRENT_TIMESTAMP, SDO_GEOMETRY(2001, 8307, SDO_POINT_TYPE(5.6795, 43.607, NULL), NULL, NULL), 70, 38);
INSERT INTO Reunion VALUES (66, CURRENT_TIMESTAMP, SDO_GEOMETRY(2001, 8307, SDO_POINT_TYPE(5.3781, 43.1224, NULL), NULL, NULL), 52, 26);
INSERT INTO Reunion VALUES (67, CURRENT_TIMESTAMP, SDO_GEOMETRY(2001, 8307, SDO_POINT_TYPE(5.9412, 43.1595, NULL), NULL, NULL), 20, 81);
INSERT INTO Reunion VALUES (68, CURRENT_TIMESTAMP, SDO_GEOMETRY(2001, 8307, SDO_POINT_TYPE(5.9052, 43.1805, NULL), NULL, NULL), 74, 18);
INSERT INTO Reunion VALUES (69, CURRENT_TIMESTAMP, SDO_GEOMETRY(2001, 8307, SDO_POINT_TYPE(5.8511, 43.5128, NULL), NULL, NULL), 17, 2);
INSERT INTO Reunion VALUES (70, CURRENT_TIMESTAMP, SDO_GEOMETRY(2001, 8307, SDO_POINT_TYPE(5.0622, 43.0155, NULL), NULL, NULL), 35, 94);
INSERT INTO Reunion VALUES (71, CURRENT_TIMESTAMP, SDO_GEOMETRY(2001, 8307, SDO_POINT_TYPE(5.2356, 43.3172, NULL), NULL, NULL), 54, 24);
INSERT INTO Reunion VALUES (72, CURRENT_TIMESTAMP, SDO_GEOMETRY(2001, 8307, SDO_POINT_TYPE(5.8862, 43.3829, NULL), NULL, NULL), 87, 6);
INSERT INTO Reunion VALUES (73, CURRENT_TIMESTAMP, SDO_GEOMETRY(2001, 8307, SDO_POINT_TYPE(5.3508, 43.2826, NULL), NULL, NULL), 14, 72);
INSERT INTO Reunion VALUES (74, CURRENT_TIMESTAMP, SDO_GEOMETRY(2001, 8307, SDO_POINT_TYPE(5.6278, 43.8339, NULL), NULL, NULL), 44, 2);
INSERT INTO Reunion VALUES (75, CURRENT_TIMESTAMP, SDO_GEOMETRY(2001, 8307, SDO_POINT_TYPE(5.3535, 43.3303, NULL), NULL, NULL), 38, 10);
INSERT INTO Reunion VALUES (76, CURRENT_TIMESTAMP, SDO_GEOMETRY(2001, 8307, SDO_POINT_TYPE(5.2567, 43.0504, NULL), NULL, NULL), 9, 11);
INSERT INTO Reunion VALUES (77, CURRENT_TIMESTAMP, SDO_GEOMETRY(2001, 8307, SDO_POINT_TYPE(5.3933, 43.5128, NULL), NULL, NULL), 40, 22);
INSERT INTO Reunion VALUES (78, CURRENT_TIMESTAMP, SDO_GEOMETRY(2001, 8307, SDO_POINT_TYPE(5.2546, 43.1207, NULL), NULL, NULL), 94, 13);
INSERT INTO Reunion VALUES (79, CURRENT_TIMESTAMP, SDO_GEOMETRY(2001, 8307, SDO_POINT_TYPE(5.8943, 43.1254, NULL), NULL, NULL), 62, 18);
INSERT INTO Reunion VALUES (80, CURRENT_TIMESTAMP, SDO_GEOMETRY(2001, 8307, SDO_POINT_TYPE(5.7542, 43.0302, NULL), NULL, NULL), 95, 5);
INSERT INTO Reunion VALUES (81, CURRENT_TIMESTAMP, SDO_GEOMETRY(2001, 8307, SDO_POINT_TYPE(5.5823, 43.8736, NULL), NULL, NULL), 22, 96);
INSERT INTO Reunion VALUES (82, CURRENT_TIMESTAMP, SDO_GEOMETRY(2001, 8307, SDO_POINT_TYPE(5.3422, 43.236, NULL), NULL, NULL), 38, 61);
INSERT INTO Reunion VALUES (83, CURRENT_TIMESTAMP, SDO_GEOMETRY(2001, 8307, SDO_POINT_TYPE(5.8101, 43.1997, NULL), NULL, NULL), 66, 10);
INSERT INTO Reunion VALUES (84, CURRENT_TIMESTAMP, SDO_GEOMETRY(2001, 8307, SDO_POINT_TYPE(5.4702, 43.388, NULL), NULL, NULL), 95, 49);
INSERT INTO Reunion VALUES (85, CURRENT_TIMESTAMP, SDO_GEOMETRY(2001, 8307, SDO_POINT_TYPE(5.8766, 43.5259, NULL), NULL, NULL), 37, 33);
INSERT INTO Reunion VALUES (86, CURRENT_TIMESTAMP, SDO_GEOMETRY(2001, 8307, SDO_POINT_TYPE(5.7269, 43.603, NULL), NULL, NULL), 66, 56);
INSERT INTO Reunion VALUES (87, CURRENT_TIMESTAMP, SDO_GEOMETRY(2001, 8307, SDO_POINT_TYPE(5.5138, 43.7767, NULL), NULL, NULL), 97, 85);
INSERT INTO Reunion VALUES (88, CURRENT_TIMESTAMP, SDO_GEOMETRY(2001, 8307, SDO_POINT_TYPE(5.9336, 43.5554, NULL), NULL, NULL), 45, 31);
INSERT INTO Reunion VALUES (89, CURRENT_TIMESTAMP, SDO_GEOMETRY(2001, 8307, SDO_POINT_TYPE(5.3738, 43.0598, NULL), NULL, NULL), 41, 9);
INSERT INTO Reunion VALUES (90, CURRENT_TIMESTAMP, SDO_GEOMETRY(2001, 8307, SDO_POINT_TYPE(5.825, 43.5563, NULL), NULL, NULL), 28, 90);
INSERT INTO Reunion VALUES (91, CURRENT_TIMESTAMP, SDO_GEOMETRY(2001, 8307, SDO_POINT_TYPE(5.0709, 43.8536, NULL), NULL, NULL), 82, 30);
INSERT INTO Reunion VALUES (92, CURRENT_TIMESTAMP, SDO_GEOMETRY(2001, 8307, SDO_POINT_TYPE(5.9667, 43.2788, NULL), NULL, NULL), 90, 11);
INSERT INTO Reunion VALUES (93, CURRENT_TIMESTAMP, SDO_GEOMETRY(2001, 8307, SDO_POINT_TYPE(5.6514, 43.031, NULL), NULL, NULL), 15, 93);
INSERT INTO Reunion VALUES (94, CURRENT_TIMESTAMP, SDO_GEOMETRY(2001, 8307, SDO_POINT_TYPE(5.9329, 43.9069, NULL), NULL, NULL), 10, 77);
INSERT INTO Reunion VALUES (95, CURRENT_TIMESTAMP, SDO_GEOMETRY(2001, 8307, SDO_POINT_TYPE(5.4161, 43.188, NULL), NULL, NULL), 78, 97);
INSERT INTO Reunion VALUES (96, CURRENT_TIMESTAMP, SDO_GEOMETRY(2001, 8307, SDO_POINT_TYPE(5.9669, 43.6974, NULL), NULL, NULL), 75, 6);
INSERT INTO Reunion VALUES (97, CURRENT_TIMESTAMP, SDO_GEOMETRY(2001, 8307, SDO_POINT_TYPE(5.619, 43.5224, NULL), NULL, NULL), 48, 15);
INSERT INTO Reunion VALUES (98, CURRENT_TIMESTAMP, SDO_GEOMETRY(2001, 8307, SDO_POINT_TYPE(5.5589, 43.7178, NULL), NULL, NULL), 53, 1);
INSERT INTO Reunion VALUES (99, CURRENT_TIMESTAMP, SDO_GEOMETRY(2001, 8307, SDO_POINT_TYPE(5.8819, 43.8531, NULL), NULL, NULL), 90, 35);
INSERT INTO Reunion VALUES (100, CURRENT_TIMESTAMP, SDO_GEOMETRY(2001, 8307, SDO_POINT_TYPE(5.4538, 43.1438, NULL), NULL, NULL), 12, 63);
INSERT INTO Reunion VALUES (101, CURRENT_TIMESTAMP, SDO_GEOMETRY(2001, 8307, SDO_POINT_TYPE(5.1244, 43.4126, NULL), NULL, NULL), 100, 2);
INSERT INTO Reunion VALUES (102, CURRENT_TIMESTAMP, SDO_GEOMETRY(2001, 8307, SDO_POINT_TYPE(5.607, 43.7673, NULL), NULL, NULL), 4, 43);
INSERT INTO Reunion VALUES (103, CURRENT_TIMESTAMP, SDO_GEOMETRY(2001, 8307, SDO_POINT_TYPE(5.4097, 43.7906, NULL), NULL, NULL), 11, 72);
INSERT INTO Reunion VALUES (104, CURRENT_TIMESTAMP, SDO_GEOMETRY(2001, 8307, SDO_POINT_TYPE(5.6392, 43.0359, NULL), NULL, NULL), 33, 20);
INSERT INTO Reunion VALUES (105, CURRENT_TIMESTAMP, SDO_GEOMETRY(2001, 8307, SDO_POINT_TYPE(5.6109, 43.2626, NULL), NULL, NULL), 27, 63);
INSERT INTO Reunion VALUES (106, CURRENT_TIMESTAMP, SDO_GEOMETRY(2001, 8307, SDO_POINT_TYPE(5.8015, 43.5031, NULL), NULL, NULL), 12, 5);
INSERT INTO Reunion VALUES (107, CURRENT_TIMESTAMP, SDO_GEOMETRY(2001, 8307, SDO_POINT_TYPE(5.7315, 43.6056, NULL), NULL, NULL), 20, 1);
INSERT INTO Reunion VALUES (108, CURRENT_TIMESTAMP, SDO_GEOMETRY(2001, 8307, SDO_POINT_TYPE(5.9492, 43.3163, NULL), NULL, NULL), 78, 12);
INSERT INTO Reunion VALUES (109, CURRENT_TIMESTAMP, SDO_GEOMETRY(2001, 8307, SDO_POINT_TYPE(5.4579, 43.5529, NULL), NULL, NULL), 17, 29);
INSERT INTO Reunion VALUES (110, CURRENT_TIMESTAMP, SDO_GEOMETRY(2001, 8307, SDO_POINT_TYPE(5.6519, 43.3899, NULL), NULL, NULL), 41, 19);
INSERT INTO Reunion VALUES (111, CURRENT_TIMESTAMP, SDO_GEOMETRY(2001, 8307, SDO_POINT_TYPE(5.4769, 43.6781, NULL), NULL, NULL), 59, 3);
INSERT INTO Reunion VALUES (112, CURRENT_TIMESTAMP, SDO_GEOMETRY(2001, 8307, SDO_POINT_TYPE(5.3844, 43.4713, NULL), NULL, NULL), 44, 63);
INSERT INTO Reunion VALUES (113, CURRENT_TIMESTAMP, SDO_GEOMETRY(2001, 8307, SDO_POINT_TYPE(5.5019, 43.2823, NULL), NULL, NULL), 67, 76);
INSERT INTO Reunion VALUES (114, CURRENT_TIMESTAMP, SDO_GEOMETRY(2001, 8307, SDO_POINT_TYPE(5.6052, 43.4454, NULL), NULL, NULL), 73, 59);
INSERT INTO Reunion VALUES (115, CURRENT_TIMESTAMP, SDO_GEOMETRY(2001, 8307, SDO_POINT_TYPE(5.3839, 43.1635, NULL), NULL, NULL), 45, 22);
INSERT INTO Reunion VALUES (116, CURRENT_TIMESTAMP, SDO_GEOMETRY(2001, 8307, SDO_POINT_TYPE(5.464, 43.5004, NULL), NULL, NULL), 68, 48);
INSERT INTO Reunion VALUES (117, CURRENT_TIMESTAMP, SDO_GEOMETRY(2001, 8307, SDO_POINT_TYPE(5.8572, 43.4499, NULL), NULL, NULL), 94, 22);
INSERT INTO Reunion VALUES (118, CURRENT_TIMESTAMP, SDO_GEOMETRY(2001, 8307, SDO_POINT_TYPE(5.4082, 43.7122, NULL), NULL, NULL), 41, 5);
INSERT INTO Reunion VALUES (119, CURRENT_TIMESTAMP, SDO_GEOMETRY(2001, 8307, SDO_POINT_TYPE(5.4959, 43.638, NULL), NULL, NULL), 63, 26);
INSERT INTO Reunion VALUES (120, CURRENT_TIMESTAMP, SDO_GEOMETRY(2001, 8307, SDO_POINT_TYPE(5.3986, 43.634, NULL), NULL, NULL), 58, 99);
INSERT INTO Reunion VALUES (121, CURRENT_TIMESTAMP, SDO_GEOMETRY(2001, 8307, SDO_POINT_TYPE(5.1475, 43.365, NULL), NULL, NULL), 47, 68);
INSERT INTO Reunion VALUES (122, CURRENT_TIMESTAMP, SDO_GEOMETRY(2001, 8307, SDO_POINT_TYPE(5.3192, 43.2251, NULL), NULL, NULL), 91, 40);
INSERT INTO Reunion VALUES (123, CURRENT_TIMESTAMP, SDO_GEOMETRY(2001, 8307, SDO_POINT_TYPE(5.7136, 43.3617, NULL), NULL, NULL), 23, 32);
INSERT INTO Reunion VALUES (124, CURRENT_TIMESTAMP, SDO_GEOMETRY(2001, 8307, SDO_POINT_TYPE(5.668, 43.4157, NULL), NULL, NULL), 35, 92);
INSERT INTO Reunion VALUES (125, CURRENT_TIMESTAMP, SDO_GEOMETRY(2001, 8307, SDO_POINT_TYPE(5.3681, 43.4546, NULL), NULL, NULL), 65, 48);
INSERT INTO Reunion VALUES (126, CURRENT_TIMESTAMP, SDO_GEOMETRY(2001, 8307, SDO_POINT_TYPE(5.5816, 43.1141, NULL), NULL, NULL), 29, 36);
INSERT INTO Reunion VALUES (127, CURRENT_TIMESTAMP, SDO_GEOMETRY(2001, 8307, SDO_POINT_TYPE(5.4441, 43.0854, NULL), NULL, NULL), 64, 20);
INSERT INTO Reunion VALUES (128, CURRENT_TIMESTAMP, SDO_GEOMETRY(2001, 8307, SDO_POINT_TYPE(5.5555, 43.8947, NULL), NULL, NULL), 46, 20);
INSERT INTO Reunion VALUES (129, CURRENT_TIMESTAMP, SDO_GEOMETRY(2001, 8307, SDO_POINT_TYPE(5.266, 43.6189, NULL), NULL, NULL), 16, 42);
INSERT INTO Reunion VALUES (130, CURRENT_TIMESTAMP, SDO_GEOMETRY(2001, 8307, SDO_POINT_TYPE(5.2752, 43.6082, NULL), NULL, NULL), 89, 33);
INSERT INTO Reunion VALUES (131, CURRENT_TIMESTAMP, SDO_GEOMETRY(2001, 8307, SDO_POINT_TYPE(5.3272, 43.2176, NULL), NULL, NULL), 40, 27);
INSERT INTO Reunion VALUES (132, CURRENT_TIMESTAMP, SDO_GEOMETRY(2001, 8307, SDO_POINT_TYPE(5.5156, 43.6876, NULL), NULL, NULL), 33, 9);
INSERT INTO Reunion VALUES (133, CURRENT_TIMESTAMP, SDO_GEOMETRY(2001, 8307, SDO_POINT_TYPE(5.6353, 43.7661, NULL), NULL, NULL), 83, 77);
INSERT INTO Reunion VALUES (134, CURRENT_TIMESTAMP, SDO_GEOMETRY(2001, 8307, SDO_POINT_TYPE(5.5158, 43.8552, NULL), NULL, NULL), 13, 50);
INSERT INTO Reunion VALUES (135, CURRENT_TIMESTAMP, SDO_GEOMETRY(2001, 8307, SDO_POINT_TYPE(5.1579, 43.6538, NULL), NULL, NULL), 20, 27);
INSERT INTO Reunion VALUES (136, CURRENT_TIMESTAMP, SDO_GEOMETRY(2001, 8307, SDO_POINT_TYPE(5.0166, 43.3796, NULL), NULL, NULL), 26, 38);
INSERT INTO Reunion VALUES (137, CURRENT_TIMESTAMP, SDO_GEOMETRY(2001, 8307, SDO_POINT_TYPE(5.5544, 43.6501, NULL), NULL, NULL), 13, 29);
INSERT INTO Reunion VALUES (138, CURRENT_TIMESTAMP, SDO_GEOMETRY(2001, 8307, SDO_POINT_TYPE(5.2486, 43.2691, NULL), NULL, NULL), 55, 56);
INSERT INTO Reunion VALUES (139, CURRENT_TIMESTAMP, SDO_GEOMETRY(2001, 8307, SDO_POINT_TYPE(5.8363, 43.4501, NULL), NULL, NULL), 91, 11);
INSERT INTO Reunion VALUES (140, CURRENT_TIMESTAMP, SDO_GEOMETRY(2001, 8307, SDO_POINT_TYPE(5.9446, 43.3994, NULL), NULL, NULL), 60, 48);
INSERT INTO Reunion VALUES (141, CURRENT_TIMESTAMP, SDO_GEOMETRY(2001, 8307, SDO_POINT_TYPE(5.3896, 43.2663, NULL), NULL, NULL), 62, 54);
INSERT INTO Reunion VALUES (142, CURRENT_TIMESTAMP, SDO_GEOMETRY(2001, 8307, SDO_POINT_TYPE(5.0983, 43.3466, NULL), NULL, NULL), 12, 63);
INSERT INTO Reunion VALUES (143, CURRENT_TIMESTAMP, SDO_GEOMETRY(2001, 8307, SDO_POINT_TYPE(5.7141, 43.6131, NULL), NULL, NULL), 41, 40);
INSERT INTO Reunion VALUES (144, CURRENT_TIMESTAMP, SDO_GEOMETRY(2001, 8307, SDO_POINT_TYPE(5.3243, 43.0622, NULL), NULL, NULL), 52, 4);
INSERT INTO Reunion VALUES (145, CURRENT_TIMESTAMP, SDO_GEOMETRY(2001, 8307, SDO_POINT_TYPE(5.0891, 43.1829, NULL), NULL, NULL), 94, 61);
INSERT INTO Reunion VALUES (146, CURRENT_TIMESTAMP, SDO_GEOMETRY(2001, 8307, SDO_POINT_TYPE(5.501, 43.8163, NULL), NULL, NULL), 88, 97);
INSERT INTO Reunion VALUES (147, CURRENT_TIMESTAMP, SDO_GEOMETRY(2001, 8307, SDO_POINT_TYPE(5.034, 43.5649, NULL), NULL, NULL), 61, 70);
INSERT INTO Reunion VALUES (148, CURRENT_TIMESTAMP, SDO_GEOMETRY(2001, 8307, SDO_POINT_TYPE(5.6126, 43.4444, NULL), NULL, NULL), 10, 78);
INSERT INTO Reunion VALUES (149, CURRENT_TIMESTAMP, SDO_GEOMETRY(2001, 8307, SDO_POINT_TYPE(5.8642, 43.8156, NULL), NULL, NULL), 56, 24);
INSERT INTO Reunion VALUES (150, CURRENT_TIMESTAMP, SDO_GEOMETRY(2001, 8307, SDO_POINT_TYPE(5.9263, 43.149, NULL), NULL, NULL), 39, 80);
INSERT INTO Reunion VALUES (151, CURRENT_TIMESTAMP, SDO_GEOMETRY(2001, 8307, SDO_POINT_TYPE(5.4015, 43.2729, NULL), NULL, NULL), 50, 57);
INSERT INTO Reunion VALUES (152, CURRENT_TIMESTAMP, SDO_GEOMETRY(2001, 8307, SDO_POINT_TYPE(5.5922, 43.4846, NULL), NULL, NULL), 92, 2);
INSERT INTO Reunion VALUES (153, CURRENT_TIMESTAMP, SDO_GEOMETRY(2001, 8307, SDO_POINT_TYPE(5.6638, 43.0383, NULL), NULL, NULL), 13, 25);
INSERT INTO Reunion VALUES (154, CURRENT_TIMESTAMP, SDO_GEOMETRY(2001, 8307, SDO_POINT_TYPE(5.8082, 43.2569, NULL), NULL, NULL), 75, 100);
INSERT INTO Reunion VALUES (155, CURRENT_TIMESTAMP, SDO_GEOMETRY(2001, 8307, SDO_POINT_TYPE(5.3689, 43.4462, NULL), NULL, NULL), 41, 21);
INSERT INTO Reunion VALUES (156, CURRENT_TIMESTAMP, SDO_GEOMETRY(2001, 8307, SDO_POINT_TYPE(5.0528, 43.6689, NULL), NULL, NULL), 24, 9);
INSERT INTO Reunion VALUES (157, CURRENT_TIMESTAMP, SDO_GEOMETRY(2001, 8307, SDO_POINT_TYPE(5.3105, 43.3289, NULL), NULL, NULL), 24, 33);
INSERT INTO Reunion VALUES (158, CURRENT_TIMESTAMP, SDO_GEOMETRY(2001, 8307, SDO_POINT_TYPE(5.4899, 43.3504, NULL), NULL, NULL), 77, 5);
INSERT INTO Reunion VALUES (159, CURRENT_TIMESTAMP, SDO_GEOMETRY(2001, 8307, SDO_POINT_TYPE(5.4231, 43.2786, NULL), NULL, NULL), 22, 47);
INSERT INTO Reunion VALUES (160, CURRENT_TIMESTAMP, SDO_GEOMETRY(2001, 8307, SDO_POINT_TYPE(5.2506, 43.843, NULL), NULL, NULL), 87, 97);
INSERT INTO Reunion VALUES (161, CURRENT_TIMESTAMP, SDO_GEOMETRY(2001, 8307, SDO_POINT_TYPE(5.2775, 43.1334, NULL), NULL, NULL), 57, 41);
INSERT INTO Reunion VALUES (162, CURRENT_TIMESTAMP, SDO_GEOMETRY(2001, 8307, SDO_POINT_TYPE(5.7553, 43.4331, NULL), NULL, NULL), 73, 100);
INSERT INTO Reunion VALUES (163, CURRENT_TIMESTAMP, SDO_GEOMETRY(2001, 8307, SDO_POINT_TYPE(5.7206, 43.7578, NULL), NULL, NULL), 79, 72);
INSERT INTO Reunion VALUES (164, CURRENT_TIMESTAMP, SDO_GEOMETRY(2001, 8307, SDO_POINT_TYPE(5.629, 43.9056, NULL), NULL, NULL), 22, 26);
INSERT INTO Reunion VALUES (165, CURRENT_TIMESTAMP, SDO_GEOMETRY(2001, 8307, SDO_POINT_TYPE(5.4683, 43.8627, NULL), NULL, NULL), 43, 77);
INSERT INTO Reunion VALUES (166, CURRENT_TIMESTAMP, SDO_GEOMETRY(2001, 8307, SDO_POINT_TYPE(5.8796, 43.2495, NULL), NULL, NULL), 98, 26);
INSERT INTO Reunion VALUES (167, CURRENT_TIMESTAMP, SDO_GEOMETRY(2001, 8307, SDO_POINT_TYPE(5.5428, 43.2825, NULL), NULL, NULL), 74, 54);
INSERT INTO Reunion VALUES (168, CURRENT_TIMESTAMP, SDO_GEOMETRY(2001, 8307, SDO_POINT_TYPE(5.4328, 43.4931, NULL), NULL, NULL), 74, 83);
INSERT INTO Reunion VALUES (169, CURRENT_TIMESTAMP, SDO_GEOMETRY(2001, 8307, SDO_POINT_TYPE(5.9637, 43.4835, NULL), NULL, NULL), 87, 42);
INSERT INTO Reunion VALUES (170, CURRENT_TIMESTAMP, SDO_GEOMETRY(2001, 8307, SDO_POINT_TYPE(5.8553, 43.2307, NULL), NULL, NULL), 44, 95);
INSERT INTO Reunion VALUES (171, CURRENT_TIMESTAMP, SDO_GEOMETRY(2001, 8307, SDO_POINT_TYPE(5.7705, 43.8557, NULL), NULL, NULL), 63, 13);
INSERT INTO Reunion VALUES (172, CURRENT_TIMESTAMP, SDO_GEOMETRY(2001, 8307, SDO_POINT_TYPE(5.1663, 43.3012, NULL), NULL, NULL), 70, 82);
INSERT INTO Reunion VALUES (173, CURRENT_TIMESTAMP, SDO_GEOMETRY(2001, 8307, SDO_POINT_TYPE(5.6728, 43.3106, NULL), NULL, NULL), 64, 85);
INSERT INTO Reunion VALUES (174, CURRENT_TIMESTAMP, SDO_GEOMETRY(2001, 8307, SDO_POINT_TYPE(5.228, 43.0774, NULL), NULL, NULL), 49, 40);
INSERT INTO Reunion VALUES (175, CURRENT_TIMESTAMP, SDO_GEOMETRY(2001, 8307, SDO_POINT_TYPE(5.0743, 43.3898, NULL), NULL, NULL), 100, 23);
INSERT INTO Reunion VALUES (176, CURRENT_TIMESTAMP, SDO_GEOMETRY(2001, 8307, SDO_POINT_TYPE(5.8534, 43.1747, NULL), NULL, NULL), 70, 22);
INSERT INTO Reunion VALUES (177, CURRENT_TIMESTAMP, SDO_GEOMETRY(2001, 8307, SDO_POINT_TYPE(5.8809, 43.4566, NULL), NULL, NULL), 20, 84);
INSERT INTO Reunion VALUES (178, CURRENT_TIMESTAMP, SDO_GEOMETRY(2001, 8307, SDO_POINT_TYPE(5.3601, 43.5001, NULL), NULL, NULL), 22, 18);
INSERT INTO Reunion VALUES (179, CURRENT_TIMESTAMP, SDO_GEOMETRY(2001, 8307, SDO_POINT_TYPE(5.0207, 43.0849, NULL), NULL, NULL), 24, 53);
INSERT INTO Reunion VALUES (180, CURRENT_TIMESTAMP, SDO_GEOMETRY(2001, 8307, SDO_POINT_TYPE(5.4279, 43.0702, NULL), NULL, NULL), 73, 31);
INSERT INTO Reunion VALUES (181, CURRENT_TIMESTAMP, SDO_GEOMETRY(2001, 8307, SDO_POINT_TYPE(5.0281, 43.8648, NULL), NULL, NULL), 68, 79);
INSERT INTO Reunion VALUES (182, CURRENT_TIMESTAMP, SDO_GEOMETRY(2001, 8307, SDO_POINT_TYPE(5.1814, 43.4733, NULL), NULL, NULL), 59, 39);
INSERT INTO Reunion VALUES (183, CURRENT_TIMESTAMP, SDO_GEOMETRY(2001, 8307, SDO_POINT_TYPE(5.7989, 43.8734, NULL), NULL, NULL), 64, 100);
INSERT INTO Reunion VALUES (184, CURRENT_TIMESTAMP, SDO_GEOMETRY(2001, 8307, SDO_POINT_TYPE(5.8462, 43.7412, NULL), NULL, NULL), 82, 91);
INSERT INTO Reunion VALUES (185, CURRENT_TIMESTAMP, SDO_GEOMETRY(2001, 8307, SDO_POINT_TYPE(5.0793, 43.0663, NULL), NULL, NULL), 38, 55);
INSERT INTO Reunion VALUES (186, CURRENT_TIMESTAMP, SDO_GEOMETRY(2001, 8307, SDO_POINT_TYPE(5.6852, 43.3204, NULL), NULL, NULL), 82, 11);
INSERT INTO Reunion VALUES (187, CURRENT_TIMESTAMP, SDO_GEOMETRY(2001, 8307, SDO_POINT_TYPE(5.2108, 43.5882, NULL), NULL, NULL), 17, 44);
INSERT INTO Reunion VALUES (188, CURRENT_TIMESTAMP, SDO_GEOMETRY(2001, 8307, SDO_POINT_TYPE(5.3229, 43.7816, NULL), NULL, NULL), 97, 66);
INSERT INTO Reunion VALUES (189, CURRENT_TIMESTAMP, SDO_GEOMETRY(2001, 8307, SDO_POINT_TYPE(5.4723, 43.165, NULL), NULL, NULL), 40, 58);
INSERT INTO Reunion VALUES (190, CURRENT_TIMESTAMP, SDO_GEOMETRY(2001, 8307, SDO_POINT_TYPE(5.515, 43.9672, NULL), NULL, NULL), 72, 28);
INSERT INTO Reunion VALUES (191, CURRENT_TIMESTAMP, SDO_GEOMETRY(2001, 8307, SDO_POINT_TYPE(5.1183, 43.9063, NULL), NULL, NULL), 83, 13);
INSERT INTO Reunion VALUES (192, CURRENT_TIMESTAMP, SDO_GEOMETRY(2001, 8307, SDO_POINT_TYPE(5.9659, 43.8801, NULL), NULL, NULL), 81, 13);
INSERT INTO Reunion VALUES (193, CURRENT_TIMESTAMP, SDO_GEOMETRY(2001, 8307, SDO_POINT_TYPE(5.1095, 43.339, NULL), NULL, NULL), 81, 88);
INSERT INTO Reunion VALUES (194, CURRENT_TIMESTAMP, SDO_GEOMETRY(2001, 8307, SDO_POINT_TYPE(5.7697, 43.5969, NULL), NULL, NULL), 57, 12);
INSERT INTO Reunion VALUES (195, CURRENT_TIMESTAMP, SDO_GEOMETRY(2001, 8307, SDO_POINT_TYPE(5.6486, 43.8238, NULL), NULL, NULL), 69, 77);
INSERT INTO Reunion VALUES (196, CURRENT_TIMESTAMP, SDO_GEOMETRY(2001, 8307, SDO_POINT_TYPE(5.2231, 43.7559, NULL), NULL, NULL), 3, 92);
INSERT INTO Reunion VALUES (197, CURRENT_TIMESTAMP, SDO_GEOMETRY(2001, 8307, SDO_POINT_TYPE(5.9506, 43.1489, NULL), NULL, NULL), 47, 74);
INSERT INTO Reunion VALUES (198, CURRENT_TIMESTAMP, SDO_GEOMETRY(2001, 8307, SDO_POINT_TYPE(5.4515, 43.0216, NULL), NULL, NULL), 19, 84);
INSERT INTO Reunion VALUES (199, CURRENT_TIMESTAMP, SDO_GEOMETRY(2001, 8307, SDO_POINT_TYPE(5.0782, 43.9533, NULL), NULL, NULL), 44, 38);


